run,time_ms,sha256
1,63.0528,118c635b1fa03638cd65600c3355d8e9643bc9470e9f997becd343443f00df9a
2,57.2778,118c635b1fa03638cd65600c3355d8e9643bc9470e9f997becd343443f00df9a
3,68.1383,118c635b1fa03638cd65600c3355d8e9643bc9470e9f997becd343443f00df9a
4,93.0632,118c635b1fa03638cd65600c3355d8e9643bc9470e9f997becd343443f00df9a
5,66.7818,118c635b1fa03638cd65600c3355d8e9643bc9470e9f997becd343443f00df9a
6,37.1997,118c635b1fa03638cd65600c3355d8e9643bc9470e9f997becd343443f00df9a
7,46.3689,118c635b1fa03638cd65600c3355d8e9643bc9470e9f997becd343443f00df9a
8,35.1407,118c635b1fa03638cd65600c3355d8e9643bc9470e9f997becd343443f00df9a
9,56.4936,118c635b1fa03638cd65600c3355d8e9643bc9470e9f997becd343443f00df9a
10,55.9501,118c635b1fa03638cd65600c3355d8e9643bc9470e9f997becd343443f00df9a
11,37.9861,118c635b1fa03638cd65600c3355d8e9643bc9470e9f997becd343443f00df9a
12,42.8793,118c635b1fa03638cd65600c3355d8e9643bc9470e9f997becd343443f00df9a
13,64.8902,118c635b1fa03638cd65600c3355d8e9643bc9470e9f997becd343443f00df9a
14,63.4324,118c635b1fa03638cd65600c3355d8e9643bc9470e9f997becd343443f00df9a
15,32.1523,118c635b1fa03638cd65600c3355d8e9643bc9470e9f997becd343443f00df9a
16,47.8305,118c635b1fa03638cd65600c3355d8e9643bc9470e9f997becd343443f00df9a
17,46.8840,118c635b1fa03638cd65600c3355d8e9643bc9470e9f997becd343443f00df9a
18,75.7769,118c635b1fa03638cd65600c3355d8e9643bc9470e9f997becd343443f00df9a
19,66.8092,118c635b1fa03638cd65600c3355d8e9643bc9470e9f997becd343443f00df9a
20,73.8586,118c635b1fa03638cd65600c3355d8e9643bc9470e9f997becd343443f00df9a
21,79.1290,118c635b1fa03638cd65600c3355d8e9643bc9470e9f997becd343443f00df9a
22,71.7152,118c635b1fa03638cd65600c3355d8e9643bc9470e9f997becd343443f00df9a
23,45.4794,118c635b1fa03638cd65600c3355d8e9643bc9470e9f997becd343443f00df9a
24,34.7182,118c635b1fa03638cd65600c3355d8e9643bc9470e9f997becd343443f00df9a
25,66.3094,118c635b1fa03638cd65600c3355d8e9643bc9470e9f997becd343443f00df9a
26,77.6597,118c635b1fa03638cd65600c3355d8e9643bc9470e9f997becd343443f00df9a
27,38.7680,118c635b1fa03638cd65600c3355d8e9643bc9470e9f997becd343443f00df9a
28,36.5535,118c635b1fa03638cd65600c3355d8e9643bc9470e9f997becd343443f00df9a
29,33.4534,118c635b1fa03638cd65600c3355d8e9643bc9470e9f997becd343443f00df9a
30,40.2525,118c635b1fa03638cd65600c3355d8e9643bc9470e9f997becd343443f00df9a
31,67.2104,118c635b1fa03638cd65600c3355d8e9643bc9470e9f997becd343443f00df9a
32,72.9927,118c635b1fa03638cd65600c3355d8e9643bc9470e9f997becd343443f00df9a
33,68.2449,118c635b1fa03638cd65600c3355d8e9643bc9470e9f997becd343443f00df9a
34,70.1301,118c635b1fa03638cd65600c3355d8e9643bc9470e9f997becd343443f00df9a
35,78.4487,118c635b1fa03638cd65600c3355d8e9643bc9470e9f997becd343443f00df9a
36,83.9398,118c635b1fa03638cd65600c3355d8e9643bc9470e9f997becd343443f00df9a
37,89.0577,118c635b1fa03638cd65600c3355d8e9643bc9470e9f997becd343443f00df9a
38,70.9382,118c635b1fa03638cd65600c3355d8e9643bc9470e9f997becd343443f00df9a
39,62.8320,118c635b1fa03638cd65600c3355d8e9643bc9470e9f997becd343443f00df9a
40,74.4065,118c635b1fa03638cd65600c3355d8e9643bc9470e9f997becd343443f00df9a
41,84.6298,118c635b1fa03638cd65600c3355d8e9643bc9470e9f997becd343443f00df9a
42,70.5299,118c635b1fa03638cd65600c3355d8e9643bc9470e9f997becd343443f00df9a
43,40.3424,118c635b1fa03638cd65600c3355d8e9643bc9470e9f997becd343443f00df9a
44,63.1155,118c635b1fa03638cd65600c3355d8e9643bc9470e9f997becd343443f00df9a
45,53.5659,118c635b1fa03638cd65600c3355d8e9643bc9470e9f997becd343443f00df9a
46,42.5667,118c635b1fa03638cd65600c3355d8e9643bc9470e9f997becd343443f00df9a
47,48.1964,118c635b1fa03638cd65600c3355d8e9643bc9470e9f997becd343443f00df9a
48,57.5548,118c635b1fa03638cd65600c3355d8e9643bc9470e9f997becd343443f00df9a
49,37.0281,118c635b1fa03638cd65600c3355d8e9643bc9470e9f997becd343443f00df9a
50,33.9552,118c635b1fa03638cd65600c3355d8e9643bc9470e9f997becd343443f00df9a
51,54.4844,118c635b1fa03638cd65600c3355d8e9643bc9470e9f997becd343443f00df9a
52,69.1018,118c635b1fa03638cd65600c3355d8e9643bc9470e9f997becd343443f00df9a
53,72.8683,118c635b1fa03638cd65600c3355d8e9643bc9470e9f997becd343443f00df9a
54,71.7581,118c635b1fa03638cd65600c3355d8e9643bc9470e9f997becd343443f00df9a
55,80.6411,118c635b1fa03638cd65600c3355d8e9643bc9470e9f997becd343443f00df9a
56,76.2761,118c635b1fa03638cd65600c3355d8e9643bc9470e9f997becd343443f00df9a
57,73.2110,118c635b1fa03638cd65600c3355d8e9643bc9470e9f997becd343443f00df9a
58,84.1925,118c635b1fa03638cd65600c3355d8e9643bc9470e9f997becd343443f00df9a
59,74.3511,118c635b1fa03638cd65600c3355d8e9643bc9470e9f997becd343443f00df9a
60,80.4928,118c635b1fa03638cd65600c3355d8e9643bc9470e9f997becd343443f00df9a
61,73.8401,118c635b1fa03638cd65600c3355d8e9643bc9470e9f997becd343443f00df9a
62,79.2264,118c635b1fa03638cd65600c3355d8e9643bc9470e9f997becd343443f00df9a
63,75.9262,118c635b1fa03638cd65600c3355d8e9643bc9470e9f997becd343443f00df9a
64,44.4565,118c635b1fa03638cd65600c3355d8e9643bc9470e9f997becd343443f00df9a
65,67.2658,118c635b1fa03638cd65600c3355d8e9643bc9470e9f997becd343443f00df9a
66,51.1667,118c635b1fa03638cd65600c3355d8e9643bc9470e9f997becd343443f00df9a
67,55.5211,118c635b1fa03638cd65600c3355d8e9643bc9470e9f997becd343443f00df9a
68,40.5888,118c635b1fa03638cd65600c3355d8e9643bc9470e9f997becd343443f00df9a
69,68.0667,118c635b1fa03638cd65600c3355d8e9643bc9470e9f997becd343443f00df9a
70,67.9727,118c635b1fa03638cd65600c3355d8e9643bc9470e9f997becd343443f00df9a
71,61.9039,118c635b1fa03638cd65600c3355d8e9643bc9470e9f997becd343443f00df9a
72,41.3641,118c635b1fa03638cd65600c3355d8e9643bc9470e9f997becd343443f00df9a
73,31.3677,118c635b1fa03638cd65600c3355d8e9643bc9470e9f997becd343443f00df9a
74,39.5994,118c635b1fa03638cd65600c3355d8e9643bc9470e9f997becd343443f00df9a
75,47.2613,118c635b1fa03638cd65600c3355d8e9643bc9470e9f997becd343443f00df9a
76,43.8236,118c635b1fa03638cd65600c3355d8e9643bc9470e9f997becd343443f00df9a
77,76.6490,118c635b1fa03638cd65600c3355d8e9643bc9470e9f997becd343443f00df9a
78,82.7490,118c635b1fa03638cd65600c3355d8e9643bc9470e9f997becd343443f00df9a
79,41.9395,118c635b1fa03638cd65600c3355d8e9643bc9470e9f997becd343443f00df9a
80,71.8524,118c635b1fa03638cd65600c3355d8e9643bc9470e9f997becd343443f00df9a
81,49.8605,118c635b1fa03638cd65600c3355d8e9643bc9470e9f997becd343443f00df9a
82,38.8242,118c635b1fa03638cd65600c3355d8e9643bc9470e9f997becd343443f00df9a
83,39.0074,118c635b1fa03638cd65600c3355d8e9643bc9470e9f997becd343443f00df9a
84,46.7221,118c635b1fa03638cd65600c3355d8e9643bc9470e9f997becd343443f00df9a
85,66.2632,118c635b1fa03638cd65600c3355d8e9643bc9470e9f997becd343443f00df9a
86,49.3240,118c635b1fa03638cd65600c3355d8e9643bc9470e9f997becd343443f00df9a
87,65.4699,118c635b1fa03638cd65600c3355d8e9643bc9470e9f997becd343443f00df9a
88,86.4127,118c635b1fa03638cd65600c3355d8e9643bc9470e9f997becd343443f00df9a
89,68.8285,118c635b1fa03638cd65600c3355d8e9643bc9470e9f997becd343443f00df9a
90,51.8282,118c635b1fa03638cd65600c3355d8e9643bc9470e9f997becd343443f00df9a
91,73.7117,118c635b1fa03638cd65600c3355d8e9643bc9470e9f997becd343443f00df9a
92,82.6157,118c635b1fa03638cd65600c3355d8e9643bc9470e9f997becd343443f00df9a
93,79.8292,118c635b1fa03638cd65600c3355d8e9643bc9470e9f997becd343443f00df9a
94,77.1815,118c635b1fa03638cd65600c3355d8e9643bc9470e9f997becd343443f00df9a
95,83.2010,118c635b1fa03638cd65600c3355d8e9643bc9470e9f997becd343443f00df9a
96,75.0129,118c635b1fa03638cd65600c3355d8e9643bc9470e9f997becd343443f00df9a
97,41.2907,118c635b1fa03638cd65600c3355d8e9643bc9470e9f997becd343443f00df9a
98,58.8819,118c635b1fa03638cd65600c3355d8e9643bc9470e9f997becd343443f00df9a
99,64.8224,118c635b1fa03638cd65600c3355d8e9643bc9470e9f997becd343443f00df9a
100,81.0571,118c635b1fa03638cd65600c3355d8e9643bc9470e9f997becd343443f00df9a
101,85.3943,118c635b1fa03638cd65600c3355d8e9643bc9470e9f997becd343443f00df9a
102,88.0898,118c635b1fa03638cd65600c3355d8e9643bc9470e9f997becd343443f00df9a
103,79.8644,118c635b1fa03638cd65600c3355d8e9643bc9470e9f997becd343443f00df9a
104,65.3540,118c635b1fa03638cd65600c3355d8e9643bc9470e9f997becd343443f00df9a
105,40.0779,118c635b1fa03638cd65600c3355d8e9643bc9470e9f997becd343443f00df9a
106,63.2599,118c635b1fa03638cd65600c3355d8e9643bc9470e9f997becd343443f00df9a
107,54.8216,118c635b1fa03638cd65600c3355d8e9643bc9470e9f997becd343443f00df9a
108,60.8881,118c635b1fa03638cd65600c3355d8e9643bc9470e9f997becd343443f00df9a
109,60.5891,118c635b1fa03638cd65600c3355d8e9643bc9470e9f997becd343443f00df9a
110,57.9351,118c635b1fa03638cd65600c3355d8e9643bc9470e9f997becd343443f00df9a
111,76.5846,118c635b1fa03638cd65600c3355d8e9643bc9470e9f997becd343443f00df9a
112,80.0856,118c635b1fa03638cd65600c3355d8e9643bc9470e9f997becd343443f00df9a
113,83.2879,118c635b1fa03638cd65600c3355d8e9643bc9470e9f997becd343443f00df9a
114,69.1992,118c635b1fa03638cd65600c3355d8e9643bc9470e9f997becd343443f00df9a
115,87.7679,118c635b1fa03638cd65600c3355d8e9643bc9470e9f997becd343443f00df9a
116,58.3214,118c635b1fa03638cd65600c3355d8e9643bc9470e9f997becd343443f00df9a
117,70.6722,118c635b1fa03638cd65600c3355d8e9643bc9470e9f997becd343443f00df9a
118,54.9983,118c635b1fa03638cd65600c3355d8e9643bc9470e9f997becd343443f00df9a
119,60.2778,118c635b1fa03638cd65600c3355d8e9643bc9470e9f997becd343443f00df9a
120,48.0601,118c635b1fa03638cd65600c3355d8e9643bc9470e9f997becd343443f00df9a
121,56.1324,118c635b1fa03638cd65600c3355d8e9643bc9470e9f997becd343443f00df9a
122,61.9658,118c635b1fa03638cd65600c3355d8e9643bc9470e9f997becd343443f00df9a
123,52.0112,118c635b1fa03638cd65600c3355d8e9643bc9470e9f997becd343443f00df9a
124,46.5544,118c635b1fa03638cd65600c3355d8e9643bc9470e9f997becd343443f00df9a
125,49.1604,118c635b1fa03638cd65600c3355d8e9643bc9470e9f997becd343443f00df9a
126,55.7398,118c635b1fa03638cd65600c3355d8e9643bc9470e9f997becd343443f00df9a
127,51.0904,118c635b1fa03638cd65600c3355d8e9643bc9470e9f997becd343443f00df9a
128,53.5972,118c635b1fa03638cd65600c3355d8e9643bc9470e9f997becd343443f00df9a
129,45.4968,118c635b1fa03638cd65600c3355d8e9643bc9470e9f997becd343443f00df9a
130,48.5262,118c635b1fa03638cd65600c3355d8e9643bc9470e9f997becd343443f00df9a
131,67.6883,118c635b1fa03638cd65600c3355d8e9643bc9470e9f997becd343443f00df9a
132,54.5982,118c635b1fa03638cd65600c3355d8e9643bc9470e9f997becd343443f00df9a
133,66.8003,118c635b1fa03638cd65600c3355d8e9643bc9470e9f997becd343443f00df9a
134,42.1232,118c635b1fa03638cd65600c3355d8e9643bc9470e9f997becd343443f00df9a
135,48.9614,118c635b1fa03638cd65600c3355d8e9643bc9470e9f997becd343443f00df9a
136,54.4734,118c635b1fa03638cd65600c3355d8e9643bc9470e9f997becd343443f00df9a
137,67.0910,118c635b1fa03638cd65600c3355d8e9643bc9470e9f997becd343443f00df9a
138,45.3340,118c635b1fa03638cd65600c3355d8e9643bc9470e9f997becd343443f00df9a
139,82.3792,118c635b1fa03638cd65600c3355d8e9643bc9470e9f997becd343443f00df9a
140,101.4915,118c635b1fa03638cd65600c3355d8e9643bc9470e9f997becd343443f00df9a
141,70.6784,118c635b1fa03638cd65600c3355d8e9643bc9470e9f997becd343443f00df9a
142,60.0203,118c635b1fa03638cd65600c3355d8e9643bc9470e9f997becd343443f00df9a
143,56.9854,118c635b1fa03638cd65600c3355d8e9643bc9470e9f997becd343443f00df9a
144,66.0063,118c635b1fa03638cd65600c3355d8e9643bc9470e9f997becd343443f00df9a
145,64.7513,118c635b1fa03638cd65600c3355d8e9643bc9470e9f997becd343443f00df9a
146,49.6810,118c635b1fa03638cd65600c3355d8e9643bc9470e9f997becd343443f00df9a
147,43.7413,118c635b1fa03638cd65600c3355d8e9643bc9470e9f997becd343443f00df9a
148,56.5834,118c635b1fa03638cd65600c3355d8e9643bc9470e9f997becd343443f00df9a
149,77.1053,118c635b1fa03638cd65600c3355d8e9643bc9470e9f997becd343443f00df9a
150,68.3652,118c635b1fa03638cd65600c3355d8e9643bc9470e9f997becd343443f00df9a
151,55.7296,118c635b1fa03638cd65600c3355d8e9643bc9470e9f997becd343443f00df9a
152,55.0774,118c635b1fa03638cd65600c3355d8e9643bc9470e9f997becd343443f00df9a
153,60.2989,118c635b1fa03638cd65600c3355d8e9643bc9470e9f997becd343443f00df9a
154,45.9069,118c635b1fa03638cd65600c3355d8e9643bc9470e9f997becd343443f00df9a
155,58.5620,118c635b1fa03638cd65600c3355d8e9643bc9470e9f997becd343443f00df9a
156,58.9614,118c635b1fa03638cd65600c3355d8e9643bc9470e9f997becd343443f00df9a
157,51.2124,118c635b1fa03638cd65600c3355d8e9643bc9470e9f997becd343443f00df9a
158,79.0029,118c635b1fa03638cd65600c3355d8e9643bc9470e9f997becd343443f00df9a
159,46.7725,118c635b1fa03638cd65600c3355d8e9643bc9470e9f997becd343443f00df9a
160,63.7624,118c635b1fa03638cd65600c3355d8e9643bc9470e9f997becd343443f00df9a
161,76.6617,118c635b1fa03638cd65600c3355d8e9643bc9470e9f997becd343443f00df9a
162,72.3475,118c635b1fa03638cd65600c3355d8e9643bc9470e9f997becd343443f00df9a
163,68.3454,118c635b1fa03638cd65600c3355d8e9643bc9470e9f997becd343443f00df9a
164,47.1266,118c635b1fa03638cd65600c3355d8e9643bc9470e9f997becd343443f00df9a
165,54.3906,118c635b1fa03638cd65600c3355d8e9643bc9470e9f997becd343443f00df9a
166,79.2115,118c635b1fa03638cd65600c3355d8e9643bc9470e9f997becd343443f00df9a
167,69.4964,118c635b1fa03638cd65600c3355d8e9643bc9470e9f997becd343443f00df9a
168,92.6531,118c635b1fa03638cd65600c3355d8e9643bc9470e9f997becd343443f00df9a
169,56.2583,118c635b1fa03638cd65600c3355d8e9643bc9470e9f997becd343443f00df9a
170,48.7103,118c635b1fa03638cd65600c3355d8e9643bc9470e9f997becd343443f00df9a
171,57.5343,118c635b1fa03638cd65600c3355d8e9643bc9470e9f997becd343443f00df9a
172,37.6899,118c635b1fa03638cd65600c3355d8e9643bc9470e9f997becd343443f00df9a
173,40.7908,118c635b1fa03638cd65600c3355d8e9643bc9470e9f997becd343443f00df9a
174,65.0339,118c635b1fa03638cd65600c3355d8e9643bc9470e9f997becd343443f00df9a
175,67.2789,118c635b1fa03638cd65600c3355d8e9643bc9470e9f997becd343443f00df9a
176,80.9834,118c635b1fa03638cd65600c3355d8e9643bc9470e9f997becd343443f00df9a
177,81.1296,118c635b1fa03638cd65600c3355d8e9643bc9470e9f997becd343443f00df9a
178,69.2191,118c635b1fa03638cd65600c3355d8e9643bc9470e9f997becd343443f00df9a
179,59.1421,118c635b1fa03638cd65600c3355d8e9643bc9470e9f997becd343443f00df9a
180,59.3477,118c635b1fa03638cd65600c3355d8e9643bc9470e9f997becd343443f00df9a
181,80.9893,118c635b1fa03638cd65600c3355d8e9643bc9470e9f997becd343443f00df9a
182,79.5769,118c635b1fa03638cd65600c3355d8e9643bc9470e9f997becd343443f00df9a
183,89.7053,118c635b1fa03638cd65600c3355d8e9643bc9470e9f997becd343443f00df9a
184,63.5512,118c635b1fa03638cd65600c3355d8e9643bc9470e9f997becd343443f00df9a
185,38.9060,118c635b1fa03638cd65600c3355d8e9643bc9470e9f997becd343443f00df9a
186,39.0291,118c635b1fa03638cd65600c3355d8e9643bc9470e9f997becd343443f00df9a
187,52.9735,118c635b1fa03638cd65600c3355d8e9643bc9470e9f997becd343443f00df9a
188,77.7939,118c635b1fa03638cd65600c3355d8e9643bc9470e9f997becd343443f00df9a
189,68.0665,118c635b1fa03638cd65600c3355d8e9643bc9470e9f997becd343443f00df9a
190,56.9650,118c635b1fa03638cd65600c3355d8e9643bc9470e9f997becd343443f00df9a
191,75.8129,118c635b1fa03638cd65600c3355d8e9643bc9470e9f997becd343443f00df9a
192,73.0002,118c635b1fa03638cd65600c3355d8e9643bc9470e9f997becd343443f00df9a
193,82.9413,118c635b1fa03638cd65600c3355d8e9643bc9470e9f997becd343443f00df9a
194,76.6666,118c635b1fa03638cd65600c3355d8e9643bc9470e9f997becd343443f00df9a
195,75.5435,118c635b1fa03638cd65600c3355d8e9643bc9470e9f997becd343443f00df9a
196,77.0616,118c635b1fa03638cd65600c3355d8e9643bc9470e9f997becd343443f00df9a
197,82.1416,118c635b1fa03638cd65600c3355d8e9643bc9470e9f997becd343443f00df9a
198,65.9703,118c635b1fa03638cd65600c3355d8e9643bc9470e9f997becd343443f00df9a
199,35.0874,118c635b1fa03638cd65600c3355d8e9643bc9470e9f997becd343443f00df9a
200,38.2367,118c635b1fa03638cd65600c3355d8e9643bc9470e9f997becd343443f00df9a
201,45.5531,118c635b1fa03638cd65600c3355d8e9643bc9470e9f997becd343443f00df9a
202,57.3468,118c635b1fa03638cd65600c3355d8e9643bc9470e9f997becd343443f00df9a
203,72.7568,118c635b1fa03638cd65600c3355d8e9643bc9470e9f997becd343443f00df9a
204,59.2652,118c635b1fa03638cd65600c3355d8e9643bc9470e9f997becd343443f00df9a
205,38.0817,118c635b1fa03638cd65600c3355d8e9643bc9470e9f997becd343443f00df9a
206,37.5651,118c635b1fa03638cd65600c3355d8e9643bc9470e9f997becd343443f00df9a
207,30.6149,118c635b1fa03638cd65600c3355d8e9643bc9470e9f997becd343443f00df9a
208,57.9672,118c635b1fa03638cd65600c3355d8e9643bc9470e9f997becd343443f00df9a
209,53.4001,118c635b1fa03638cd65600c3355d8e9643bc9470e9f997becd343443f00df9a
210,75.2703,118c635b1fa03638cd65600c3355d8e9643bc9470e9f997becd343443f00df9a
211,74.0130,118c635b1fa03638cd65600c3355d8e9643bc9470e9f997becd343443f00df9a
212,70.9678,118c635b1fa03638cd65600c3355d8e9643bc9470e9f997becd343443f00df9a
213,63.9183,118c635b1fa03638cd65600c3355d8e9643bc9470e9f997becd343443f00df9a
214,52.0325,118c635b1fa03638cd65600c3355d8e9643bc9470e9f997becd343443f00df9a
215,44.5637,118c635b1fa03638cd65600c3355d8e9643bc9470e9f997becd343443f00df9a
216,34.3959,118c635b1fa03638cd65600c3355d8e9643bc9470e9f997becd343443f00df9a
217,40.0661,118c635b1fa03638cd65600c3355d8e9643bc9470e9f997becd343443f00df9a
218,62.9128,118c635b1fa03638cd65600c3355d8e9643bc9470e9f997becd343443f00df9a
219,49.6438,118c635b1fa03638cd65600c3355d8e9643bc9470e9f997becd343443f00df9a
220,60.4471,118c635b1fa03638cd65600c3355d8e9643bc9470e9f997becd343443f00df9a
221,55.3847,118c635b1fa03638cd65600c3355d8e9643bc9470e9f997becd343443f00df9a
222,51.6654,118c635b1fa03638cd65600c3355d8e9643bc9470e9f997becd343443f00df9a
223,74.5944,118c635b1fa03638cd65600c3355d8e9643bc9470e9f997becd343443f00df9a
224,73.2960,118c635b1fa03638cd65600c3355d8e9643bc9470e9f997becd343443f00df9a
225,73.9279,118c635b1fa03638cd65600c3355d8e9643bc9470e9f997becd343443f00df9a
226,75.7696,118c635b1fa03638cd65600c3355d8e9643bc9470e9f997becd343443f00df9a
227,68.3294,118c635b1fa03638cd65600c3355d8e9643bc9470e9f997becd343443f00df9a
228,54.6685,118c635b1fa03638cd65600c3355d8e9643bc9470e9f997becd343443f00df9a
229,44.0209,118c635b1fa03638cd65600c3355d8e9643bc9470e9f997becd343443f00df9a
230,58.2265,118c635b1fa03638cd65600c3355d8e9643bc9470e9f997becd343443f00df9a
231,31.1358,118c635b1fa03638cd65600c3355d8e9643bc9470e9f997becd343443f00df9a
232,75.9387,118c635b1fa03638cd65600c3355d8e9643bc9470e9f997becd343443f00df9a
233,51.2366,118c635b1fa03638cd65600c3355d8e9643bc9470e9f997becd343443f00df9a
234,71.5972,118c635b1fa03638cd65600c3355d8e9643bc9470e9f997becd343443f00df9a
235,84.8244,118c635b1fa03638cd65600c3355d8e9643bc9470e9f997becd343443f00df9a
236,49.2522,118c635b1fa03638cd65600c3355d8e9643bc9470e9f997becd343443f00df9a
237,35.4957,118c635b1fa03638cd65600c3355d8e9643bc9470e9f997becd343443f00df9a
238,64.8029,118c635b1fa03638cd65600c3355d8e9643bc9470e9f997becd343443f00df9a
239,73.7554,118c635b1fa03638cd65600c3355d8e9643bc9470e9f997becd343443f00df9a
240,55.8808,118c635b1fa03638cd65600c3355d8e9643bc9470e9f997becd343443f00df9a
241,46.3830,118c635b1fa03638cd65600c3355d8e9643bc9470e9f997becd343443f00df9a
242,33.2983,118c635b1fa03638cd65600c3355d8e9643bc9470e9f997becd343443f00df9a
243,58.9610,118c635b1fa03638cd65600c3355d8e9643bc9470e9f997becd343443f00df9a
244,43.6041,118c635b1fa03638cd65600c3355d8e9643bc9470e9f997becd343443f00df9a
245,62.5935,118c635b1fa03638cd65600c3355d8e9643bc9470e9f997becd343443f00df9a
246,73.6311,118c635b1fa03638cd65600c3355d8e9643bc9470e9f997becd343443f00df9a
247,74.5109,118c635b1fa03638cd65600c3355d8e9643bc9470e9f997becd343443f00df9a
248,79.6872,118c635b1fa03638cd65600c3355d8e9643bc9470e9f997becd343443f00df9a
249,88.8734,118c635b1fa03638cd65600c3355d8e9643bc9470e9f997becd343443f00df9a
250,79.1934,118c635b1fa03638cd65600c3355d8e9643bc9470e9f997becd343443f00df9a
251,83.7171,118c635b1fa03638cd65600c3355d8e9643bc9470e9f997becd343443f00df9a
252,50.0342,118c635b1fa03638cd65600c3355d8e9643bc9470e9f997becd343443f00df9a
253,40.1978,118c635b1fa03638cd65600c3355d8e9643bc9470e9f997becd343443f00df9a
254,42.1531,118c635b1fa03638cd65600c3355d8e9643bc9470e9f997becd343443f00df9a
255,45.8158,118c635b1fa03638cd65600c3355d8e9643bc9470e9f997becd343443f00df9a
256,52.2671,118c635b1fa03638cd65600c3355d8e9643bc9470e9f997becd343443f00df9a
257,41.7225,118c635b1fa03638cd65600c3355d8e9643bc9470e9f997becd343443f00df9a
258,39.3323,118c635b1fa03638cd65600c3355d8e9643bc9470e9f997becd343443f00df9a
259,40.6066,118c635b1fa03638cd65600c3355d8e9643bc9470e9f997becd343443f00df9a
260,37.3790,118c635b1fa03638cd65600c3355d8e9643bc9470e9f997becd343443f00df9a
261,39.0672,118c635b1fa03638cd65600c3355d8e9643bc9470e9f997becd343443f00df9a
262,67.6960,118c635b1fa03638cd65600c3355d8e9643bc9470e9f997becd343443f00df9a
263,40.2362,118c635b1fa03638cd65600c3355d8e9643bc9470e9f997becd343443f00df9a
264,75.6440,118c635b1fa03638cd65600c3355d8e9643bc9470e9f997becd343443f00df9a
265,49.7119,118c635b1fa03638cd65600c3355d8e9643bc9470e9f997becd343443f00df9a
266,39.1491,118c635b1fa03638cd65600c3355d8e9643bc9470e9f997becd343443f00df9a
267,34.5423,118c635b1fa03638cd65600c3355d8e9643bc9470e9f997becd343443f00df9a
268,36.5253,118c635b1fa03638cd65600c3355d8e9643bc9470e9f997becd343443f00df9a
269,52.0745,118c635b1fa03638cd65600c3355d8e9643bc9470e9f997becd343443f00df9a
270,78.1122,118c635b1fa03638cd65600c3355d8e9643bc9470e9f997becd343443f00df9a
271,79.0654,118c635b1fa03638cd65600c3355d8e9643bc9470e9f997becd343443f00df9a
272,78.5254,118c635b1fa03638cd65600c3355d8e9643bc9470e9f997becd343443f00df9a
273,64.3024,118c635b1fa03638cd65600c3355d8e9643bc9470e9f997becd343443f00df9a
274,40.6147,118c635b1fa03638cd65600c3355d8e9643bc9470e9f997becd343443f00df9a
275,43.0266,118c635b1fa03638cd65600c3355d8e9643bc9470e9f997becd343443f00df9a
276,43.8744,118c635b1fa03638cd65600c3355d8e9643bc9470e9f997becd343443f00df9a
277,62.4127,118c635b1fa03638cd65600c3355d8e9643bc9470e9f997becd343443f00df9a
278,85.1257,118c635b1fa03638cd65600c3355d8e9643bc9470e9f997becd343443f00df9a
279,38.9030,118c635b1fa03638cd65600c3355d8e9643bc9470e9f997becd343443f00df9a
280,32.2942,118c635b1fa03638cd65600c3355d8e9643bc9470e9f997becd343443f00df9a
281,38.5621,118c635b1fa03638cd65600c3355d8e9643bc9470e9f997becd343443f00df9a
282,48.4031,118c635b1fa03638cd65600c3355d8e9643bc9470e9f997becd343443f00df9a
283,73.6400,118c635b1fa03638cd65600c3355d8e9643bc9470e9f997becd343443f00df9a
284,32.0937,118c635b1fa03638cd65600c3355d8e9643bc9470e9f997becd343443f00df9a
285,63.2859,118c635b1fa03638cd65600c3355d8e9643bc9470e9f997becd343443f00df9a
286,65.9431,118c635b1fa03638cd65600c3355d8e9643bc9470e9f997becd343443f00df9a
287,35.0786,118c635b1fa03638cd65600c3355d8e9643bc9470e9f997becd343443f00df9a
288,49.3598,118c635b1fa03638cd65600c3355d8e9643bc9470e9f997becd343443f00df9a
289,67.6888,118c635b1fa03638cd65600c3355d8e9643bc9470e9f997becd343443f00df9a
290,72.2175,118c635b1fa03638cd65600c3355d8e9643bc9470e9f997becd343443f00df9a
291,57.6948,118c635b1fa03638cd65600c3355d8e9643bc9470e9f997becd343443f00df9a
292,39.0315,118c635b1fa03638cd65600c3355d8e9643bc9470e9f997becd343443f00df9a
293,54.3359,118c635b1fa03638cd65600c3355d8e9643bc9470e9f997becd343443f00df9a
294,55.4442,118c635b1fa03638cd65600c3355d8e9643bc9470e9f997becd343443f00df9a
295,38.3462,118c635b1fa03638cd65600c3355d8e9643bc9470e9f997becd343443f00df9a
296,39.2643,118c635b1fa03638cd65600c3355d8e9643bc9470e9f997becd343443f00df9a
297,51.2736,118c635b1fa03638cd65600c3355d8e9643bc9470e9f997becd343443f00df9a
298,54.4432,118c635b1fa03638cd65600c3355d8e9643bc9470e9f997becd343443f00df9a
299,43.8520,118c635b1fa03638cd65600c3355d8e9643bc9470e9f997becd343443f00df9a
300,40.0699,118c635b1fa03638cd65600c3355d8e9643bc9470e9f997becd343443f00df9a
301,44.7238,118c635b1fa03638cd65600c3355d8e9643bc9470e9f997becd343443f00df9a
302,79.2863,118c635b1fa03638cd65600c3355d8e9643bc9470e9f997becd343443f00df9a
303,71.8860,118c635b1fa03638cd65600c3355d8e9643bc9470e9f997becd343443f00df9a
304,52.9295,118c635b1fa03638cd65600c3355d8e9643bc9470e9f997becd343443f00df9a
305,47.3249,118c635b1fa03638cd65600c3355d8e9643bc9470e9f997becd343443f00df9a
306,44.3547,118c635b1fa03638cd65600c3355d8e9643bc9470e9f997becd343443f00df9a
307,33.8002,118c635b1fa03638cd65600c3355d8e9643bc9470e9f997becd343443f00df9a
308,40.4979,118c635b1fa03638cd65600c3355d8e9643bc9470e9f997becd343443f00df9a
309,38.6858,118c635b1fa03638cd65600c3355d8e9643bc9470e9f997becd343443f00df9a
310,46.5896,118c635b1fa03638cd65600c3355d8e9643bc9470e9f997becd343443f00df9a
311,45.1729,118c635b1fa03638cd65600c3355d8e9643bc9470e9f997becd343443f00df9a
312,41.1334,118c635b1fa03638cd65600c3355d8e9643bc9470e9f997becd343443f00df9a
313,46.7635,118c635b1fa03638cd65600c3355d8e9643bc9470e9f997becd343443f00df9a
314,34.3401,118c635b1fa03638cd65600c3355d8e9643bc9470e9f997becd343443f00df9a
315,49.7665,118c635b1fa03638cd65600c3355d8e9643bc9470e9f997becd343443f00df9a
316,82.2302,118c635b1fa03638cd65600c3355d8e9643bc9470e9f997becd343443f00df9a
317,64.9208,118c635b1fa03638cd65600c3355d8e9643bc9470e9f997becd343443f00df9a
318,39.7649,118c635b1fa03638cd65600c3355d8e9643bc9470e9f997becd343443f00df9a
319,39.3570,118c635b1fa03638cd65600c3355d8e9643bc9470e9f997becd343443f00df9a
320,44.5720,118c635b1fa03638cd65600c3355d8e9643bc9470e9f997becd343443f00df9a
321,65.4275,118c635b1fa03638cd65600c3355d8e9643bc9470e9f997becd343443f00df9a
322,65.4414,118c635b1fa03638cd65600c3355d8e9643bc9470e9f997becd343443f00df9a
323,60.7022,118c635b1fa03638cd65600c3355d8e9643bc9470e9f997becd343443f00df9a
324,59.1995,118c635b1fa03638cd65600c3355d8e9643bc9470e9f997becd343443f00df9a
325,76.2724,118c635b1fa03638cd65600c3355d8e9643bc9470e9f997becd343443f00df9a
326,53.6856,118c635b1fa03638cd65600c3355d8e9643bc9470e9f997becd343443f00df9a
327,49.8435,118c635b1fa03638cd65600c3355d8e9643bc9470e9f997becd343443f00df9a
328,47.6938,118c635b1fa03638cd65600c3355d8e9643bc9470e9f997becd343443f00df9a
329,57.4665,118c635b1fa03638cd65600c3355d8e9643bc9470e9f997becd343443f00df9a
330,48.4730,118c635b1fa03638cd65600c3355d8e9643bc9470e9f997becd343443f00df9a
331,34.1076,118c635b1fa03638cd65600c3355d8e9643bc9470e9f997becd343443f00df9a
332,64.2771,118c635b1fa03638cd65600c3355d8e9643bc9470e9f997becd343443f00df9a
333,38.0531,118c635b1fa03638cd65600c3355d8e9643bc9470e9f997becd343443f00df9a
334,43.3935,118c635b1fa03638cd65600c3355d8e9643bc9470e9f997becd343443f00df9a
335,82.3974,118c635b1fa03638cd65600c3355d8e9643bc9470e9f997becd343443f00df9a
336,65.6506,118c635b1fa03638cd65600c3355d8e9643bc9470e9f997becd343443f00df9a
337,80.8990,118c635b1fa03638cd65600c3355d8e9643bc9470e9f997becd343443f00df9a
338,78.8518,118c635b1fa03638cd65600c3355d8e9643bc9470e9f997becd343443f00df9a
339,77.6140,118c635b1fa03638cd65600c3355d8e9643bc9470e9f997becd343443f00df9a
340,73.2971,118c635b1fa03638cd65600c3355d8e9643bc9470e9f997becd343443f00df9a
341,92.3580,118c635b1fa03638cd65600c3355d8e9643bc9470e9f997becd343443f00df9a
342,57.8437,118c635b1fa03638cd65600c3355d8e9643bc9470e9f997becd343443f00df9a
343,50.9939,118c635b1fa03638cd65600c3355d8e9643bc9470e9f997becd343443f00df9a
344,51.5897,118c635b1fa03638cd65600c3355d8e9643bc9470e9f997becd343443f00df9a
345,77.8596,118c635b1fa03638cd65600c3355d8e9643bc9470e9f997becd343443f00df9a
346,42.2492,118c635b1fa03638cd65600c3355d8e9643bc9470e9f997becd343443f00df9a
347,60.8818,118c635b1fa03638cd65600c3355d8e9643bc9470e9f997becd343443f00df9a
348,106.3984,118c635b1fa03638cd65600c3355d8e9643bc9470e9f997becd343443f00df9a
349,55.1794,118c635b1fa03638cd65600c3355d8e9643bc9470e9f997becd343443f00df9a
350,51.7401,118c635b1fa03638cd65600c3355d8e9643bc9470e9f997becd343443f00df9a
351,69.0785,118c635b1fa03638cd65600c3355d8e9643bc9470e9f997becd343443f00df9a
352,67.3110,118c635b1fa03638cd65600c3355d8e9643bc9470e9f997becd343443f00df9a
353,57.7561,118c635b1fa03638cd65600c3355d8e9643bc9470e9f997becd343443f00df9a
354,46.8648,118c635b1fa03638cd65600c3355d8e9643bc9470e9f997becd343443f00df9a
355,49.7846,118c635b1fa03638cd65600c3355d8e9643bc9470e9f997becd343443f00df9a
356,54.1982,118c635b1fa03638cd65600c3355d8e9643bc9470e9f997becd343443f00df9a
357,59.1454,118c635b1fa03638cd65600c3355d8e9643bc9470e9f997becd343443f00df9a
358,40.5650,118c635b1fa03638cd65600c3355d8e9643bc9470e9f997becd343443f00df9a
359,74.3307,118c635b1fa03638cd65600c3355d8e9643bc9470e9f997becd343443f00df9a
360,65.5957,118c635b1fa03638cd65600c3355d8e9643bc9470e9f997becd343443f00df9a
361,45.9084,118c635b1fa03638cd65600c3355d8e9643bc9470e9f997becd343443f00df9a
362,64.3421,118c635b1fa03638cd65600c3355d8e9643bc9470e9f997becd343443f00df9a
363,69.1130,118c635b1fa03638cd65600c3355d8e9643bc9470e9f997becd343443f00df9a
364,73.4420,118c635b1fa03638cd65600c3355d8e9643bc9470e9f997becd343443f00df9a
365,85.6686,118c635b1fa03638cd65600c3355d8e9643bc9470e9f997becd343443f00df9a
366,71.9342,118c635b1fa03638cd65600c3355d8e9643bc9470e9f997becd343443f00df9a
367,73.8987,118c635b1fa03638cd65600c3355d8e9643bc9470e9f997becd343443f00df9a
368,60.2396,118c635b1fa03638cd65600c3355d8e9643bc9470e9f997becd343443f00df9a
369,80.1105,118c635b1fa03638cd65600c3355d8e9643bc9470e9f997becd343443f00df9a
370,65.5400,118c635b1fa03638cd65600c3355d8e9643bc9470e9f997becd343443f00df9a
371,98.3024,118c635b1fa03638cd65600c3355d8e9643bc9470e9f997becd343443f00df9a
372,61.3611,118c635b1fa03638cd65600c3355d8e9643bc9470e9f997becd343443f00df9a
373,32.2482,118c635b1fa03638cd65600c3355d8e9643bc9470e9f997becd343443f00df9a
374,55.5270,118c635b1fa03638cd65600c3355d8e9643bc9470e9f997becd343443f00df9a
375,79.0450,118c635b1fa03638cd65600c3355d8e9643bc9470e9f997becd343443f00df9a
376,68.1888,118c635b1fa03638cd65600c3355d8e9643bc9470e9f997becd343443f00df9a
377,71.5773,118c635b1fa03638cd65600c3355d8e9643bc9470e9f997becd343443f00df9a
378,36.8967,118c635b1fa03638cd65600c3355d8e9643bc9470e9f997becd343443f00df9a
379,54.6406,118c635b1fa03638cd65600c3355d8e9643bc9470e9f997becd343443f00df9a
380,69.8586,118c635b1fa03638cd65600c3355d8e9643bc9470e9f997becd343443f00df9a
381,74.9201,118c635b1fa03638cd65600c3355d8e9643bc9470e9f997becd343443f00df9a
382,65.4259,118c635b1fa03638cd65600c3355d8e9643bc9470e9f997becd343443f00df9a
383,105.6034,118c635b1fa03638cd65600c3355d8e9643bc9470e9f997becd343443f00df9a
384,62.4334,118c635b1fa03638cd65600c3355d8e9643bc9470e9f997becd343443f00df9a
385,30.0534,118c635b1fa03638cd65600c3355d8e9643bc9470e9f997becd343443f00df9a
386,73.1037,118c635b1fa03638cd65600c3355d8e9643bc9470e9f997becd343443f00df9a
387,43.3949,118c635b1fa03638cd65600c3355d8e9643bc9470e9f997becd343443f00df9a
388,40.3916,118c635b1fa03638cd65600c3355d8e9643bc9470e9f997becd343443f00df9a
389,51.5341,118c635b1fa03638cd65600c3355d8e9643bc9470e9f997becd343443f00df9a
390,84.4129,118c635b1fa03638cd65600c3355d8e9643bc9470e9f997becd343443f00df9a
391,63.0875,118c635b1fa03638cd65600c3355d8e9643bc9470e9f997becd343443f00df9a
392,73.1958,118c635b1fa03638cd65600c3355d8e9643bc9470e9f997becd343443f00df9a
393,77.4939,118c635b1fa03638cd65600c3355d8e9643bc9470e9f997becd343443f00df9a
394,46.5969,118c635b1fa03638cd65600c3355d8e9643bc9470e9f997becd343443f00df9a
395,44.7655,118c635b1fa03638cd65600c3355d8e9643bc9470e9f997becd343443f00df9a
396,52.9147,118c635b1fa03638cd65600c3355d8e9643bc9470e9f997becd343443f00df9a
397,61.9156,118c635b1fa03638cd65600c3355d8e9643bc9470e9f997becd343443f00df9a
398,67.0584,118c635b1fa03638cd65600c3355d8e9643bc9470e9f997becd343443f00df9a
399,77.9622,118c635b1fa03638cd65600c3355d8e9643bc9470e9f997becd343443f00df9a
400,71.5527,118c635b1fa03638cd65600c3355d8e9643bc9470e9f997becd343443f00df9a
401,75.7903,118c635b1fa03638cd65600c3355d8e9643bc9470e9f997becd343443f00df9a
402,46.1661,118c635b1fa03638cd65600c3355d8e9643bc9470e9f997becd343443f00df9a
403,43.4874,118c635b1fa03638cd65600c3355d8e9643bc9470e9f997becd343443f00df9a
404,69.7038,118c635b1fa03638cd65600c3355d8e9643bc9470e9f997becd343443f00df9a
405,44.2050,118c635b1fa03638cd65600c3355d8e9643bc9470e9f997becd343443f00df9a
406,41.6427,118c635b1fa03638cd65600c3355d8e9643bc9470e9f997becd343443f00df9a
407,50.7208,118c635b1fa03638cd65600c3355d8e9643bc9470e9f997becd343443f00df9a
408,37.7828,118c635b1fa03638cd65600c3355d8e9643bc9470e9f997becd343443f00df9a
409,34.5577,118c635b1fa03638cd65600c3355d8e9643bc9470e9f997becd343443f00df9a
410,42.9684,118c635b1fa03638cd65600c3355d8e9643bc9470e9f997becd343443f00df9a
411,50.5977,118c635b1fa03638cd65600c3355d8e9643bc9470e9f997becd343443f00df9a
412,75.7587,118c635b1fa03638cd65600c3355d8e9643bc9470e9f997becd343443f00df9a
413,63.0471,118c635b1fa03638cd65600c3355d8e9643bc9470e9f997becd343443f00df9a
414,79.6769,118c635b1fa03638cd65600c3355d8e9643bc9470e9f997becd343443f00df9a
415,81.7774,118c635b1fa03638cd65600c3355d8e9643bc9470e9f997becd343443f00df9a
416,72.5411,118c635b1fa03638cd65600c3355d8e9643bc9470e9f997becd343443f00df9a
417,71.0677,118c635b1fa03638cd65600c3355d8e9643bc9470e9f997becd343443f00df9a
418,53.4329,118c635b1fa03638cd65600c3355d8e9643bc9470e9f997becd343443f00df9a
419,69.6115,118c635b1fa03638cd65600c3355d8e9643bc9470e9f997becd343443f00df9a
420,61.4846,118c635b1fa03638cd65600c3355d8e9643bc9470e9f997becd343443f00df9a
421,35.8330,118c635b1fa03638cd65600c3355d8e9643bc9470e9f997becd343443f00df9a
422,54.6482,118c635b1fa03638cd65600c3355d8e9643bc9470e9f997becd343443f00df9a
423,66.7428,118c635b1fa03638cd65600c3355d8e9643bc9470e9f997becd343443f00df9a
424,66.8319,118c635b1fa03638cd65600c3355d8e9643bc9470e9f997becd343443f00df9a
425,76.1051,118c635b1fa03638cd65600c3355d8e9643bc9470e9f997becd343443f00df9a
426,84.3809,118c635b1fa03638cd65600c3355d8e9643bc9470e9f997becd343443f00df9a
427,82.0228,118c635b1fa03638cd65600c3355d8e9643bc9470e9f997becd343443f00df9a
428,34.5169,118c635b1fa03638cd65600c3355d8e9643bc9470e9f997becd343443f00df9a
429,28.7974,118c635b1fa03638cd65600c3355d8e9643bc9470e9f997becd343443f00df9a
430,60.6388,118c635b1fa03638cd65600c3355d8e9643bc9470e9f997becd343443f00df9a
431,70.1611,118c635b1fa03638cd65600c3355d8e9643bc9470e9f997becd343443f00df9a
432,74.3658,118c635b1fa03638cd65600c3355d8e9643bc9470e9f997becd343443f00df9a
433,77.1205,118c635b1fa03638cd65600c3355d8e9643bc9470e9f997becd343443f00df9a
434,77.2032,118c635b1fa03638cd65600c3355d8e9643bc9470e9f997becd343443f00df9a
435,61.1165,118c635b1fa03638cd65600c3355d8e9643bc9470e9f997becd343443f00df9a
436,68.8554,118c635b1fa03638cd65600c3355d8e9643bc9470e9f997becd343443f00df9a
437,64.9071,118c635b1fa03638cd65600c3355d8e9643bc9470e9f997becd343443f00df9a
438,75.4761,118c635b1fa03638cd65600c3355d8e9643bc9470e9f997becd343443f00df9a
439,98.4772,118c635b1fa03638cd65600c3355d8e9643bc9470e9f997becd343443f00df9a
440,76.0101,118c635b1fa03638cd65600c3355d8e9643bc9470e9f997becd343443f00df9a
441,62.6450,118c635b1fa03638cd65600c3355d8e9643bc9470e9f997becd343443f00df9a
442,95.3584,118c635b1fa03638cd65600c3355d8e9643bc9470e9f997becd343443f00df9a
443,73.6245,118c635b1fa03638cd65600c3355d8e9643bc9470e9f997becd343443f00df9a
444,67.4473,118c635b1fa03638cd65600c3355d8e9643bc9470e9f997becd343443f00df9a
445,53.5072,118c635b1fa03638cd65600c3355d8e9643bc9470e9f997becd343443f00df9a
446,59.7550,118c635b1fa03638cd65600c3355d8e9643bc9470e9f997becd343443f00df9a
447,59.4394,118c635b1fa03638cd65600c3355d8e9643bc9470e9f997becd343443f00df9a
448,66.0004,118c635b1fa03638cd65600c3355d8e9643bc9470e9f997becd343443f00df9a
449,68.7672,118c635b1fa03638cd65600c3355d8e9643bc9470e9f997becd343443f00df9a
450,46.3210,118c635b1fa03638cd65600c3355d8e9643bc9470e9f997becd343443f00df9a
451,48.8055,118c635b1fa03638cd65600c3355d8e9643bc9470e9f997becd343443f00df9a
452,47.5685,118c635b1fa03638cd65600c3355d8e9643bc9470e9f997becd343443f00df9a
453,58.9490,118c635b1fa03638cd65600c3355d8e9643bc9470e9f997becd343443f00df9a
454,138.7172,118c635b1fa03638cd65600c3355d8e9643bc9470e9f997becd343443f00df9a
455,158.8862,118c635b1fa03638cd65600c3355d8e9643bc9470e9f997becd343443f00df9a
456,144.1838,118c635b1fa03638cd65600c3355d8e9643bc9470e9f997becd343443f00df9a
457,138.0706,118c635b1fa03638cd65600c3355d8e9643bc9470e9f997becd343443f00df9a
458,134.5697,118c635b1fa03638cd65600c3355d8e9643bc9470e9f997becd343443f00df9a
459,172.4401,118c635b1fa03638cd65600c3355d8e9643bc9470e9f997becd343443f00df9a
460,143.9798,118c635b1fa03638cd65600c3355d8e9643bc9470e9f997becd343443f00df9a
461,156.0587,118c635b1fa03638cd65600c3355d8e9643bc9470e9f997becd343443f00df9a
462,149.0275,118c635b1fa03638cd65600c3355d8e9643bc9470e9f997becd343443f00df9a
463,217.5511,118c635b1fa03638cd65600c3355d8e9643bc9470e9f997becd343443f00df9a
464,136.0793,118c635b1fa03638cd65600c3355d8e9643bc9470e9f997becd343443f00df9a
465,150.4311,118c635b1fa03638cd65600c3355d8e9643bc9470e9f997becd343443f00df9a
466,168.5450,118c635b1fa03638cd65600c3355d8e9643bc9470e9f997becd343443f00df9a
467,175.7298,118c635b1fa03638cd65600c3355d8e9643bc9470e9f997becd343443f00df9a
468,148.0297,118c635b1fa03638cd65600c3355d8e9643bc9470e9f997becd343443f00df9a
469,151.3901,118c635b1fa03638cd65600c3355d8e9643bc9470e9f997becd343443f00df9a
470,138.6689,118c635b1fa03638cd65600c3355d8e9643bc9470e9f997becd343443f00df9a
471,157.8776,118c635b1fa03638cd65600c3355d8e9643bc9470e9f997becd343443f00df9a
472,155.1923,118c635b1fa03638cd65600c3355d8e9643bc9470e9f997becd343443f00df9a
473,154.3510,118c635b1fa03638cd65600c3355d8e9643bc9470e9f997becd343443f00df9a
474,156.2557,118c635b1fa03638cd65600c3355d8e9643bc9470e9f997becd343443f00df9a
475,196.5298,118c635b1fa03638cd65600c3355d8e9643bc9470e9f997becd343443f00df9a
476,319.1128,118c635b1fa03638cd65600c3355d8e9643bc9470e9f997becd343443f00df9a
477,182.8235,118c635b1fa03638cd65600c3355d8e9643bc9470e9f997becd343443f00df9a
478,161.8700,118c635b1fa03638cd65600c3355d8e9643bc9470e9f997becd343443f00df9a
479,93.7122,118c635b1fa03638cd65600c3355d8e9643bc9470e9f997becd343443f00df9a
480,82.6870,118c635b1fa03638cd65600c3355d8e9643bc9470e9f997becd343443f00df9a
481,68.7891,118c635b1fa03638cd65600c3355d8e9643bc9470e9f997becd343443f00df9a
482,76.6389,118c635b1fa03638cd65600c3355d8e9643bc9470e9f997becd343443f00df9a
483,68.5211,118c635b1fa03638cd65600c3355d8e9643bc9470e9f997becd343443f00df9a
484,87.4503,118c635b1fa03638cd65600c3355d8e9643bc9470e9f997becd343443f00df9a
485,91.6669,118c635b1fa03638cd65600c3355d8e9643bc9470e9f997becd343443f00df9a
486,78.1872,118c635b1fa03638cd65600c3355d8e9643bc9470e9f997becd343443f00df9a
487,72.1834,118c635b1fa03638cd65600c3355d8e9643bc9470e9f997becd343443f00df9a
488,74.5652,118c635b1fa03638cd65600c3355d8e9643bc9470e9f997becd343443f00df9a
489,54.9146,118c635b1fa03638cd65600c3355d8e9643bc9470e9f997becd343443f00df9a
490,46.0693,118c635b1fa03638cd65600c3355d8e9643bc9470e9f997becd343443f00df9a
491,61.6233,118c635b1fa03638cd65600c3355d8e9643bc9470e9f997becd343443f00df9a
492,58.6309,118c635b1fa03638cd65600c3355d8e9643bc9470e9f997becd343443f00df9a
493,64.6640,118c635b1fa03638cd65600c3355d8e9643bc9470e9f997becd343443f00df9a
494,85.6141,118c635b1fa03638cd65600c3355d8e9643bc9470e9f997becd343443f00df9a
495,63.8074,118c635b1fa03638cd65600c3355d8e9643bc9470e9f997becd343443f00df9a
496,57.4633,118c635b1fa03638cd65600c3355d8e9643bc9470e9f997becd343443f00df9a
497,89.3550,118c635b1fa03638cd65600c3355d8e9643bc9470e9f997becd343443f00df9a
498,92.5186,118c635b1fa03638cd65600c3355d8e9643bc9470e9f997becd343443f00df9a
499,69.9869,118c635b1fa03638cd65600c3355d8e9643bc9470e9f997becd343443f00df9a
500,82.4690,118c635b1fa03638cd65600c3355d8e9643bc9470e9f997becd343443f00df9a
501,84.4661,118c635b1fa03638cd65600c3355d8e9643bc9470e9f997becd343443f00df9a
502,77.2726,118c635b1fa03638cd65600c3355d8e9643bc9470e9f997becd343443f00df9a
503,79.9319,118c635b1fa03638cd65600c3355d8e9643bc9470e9f997becd343443f00df9a
504,75.5409,118c635b1fa03638cd65600c3355d8e9643bc9470e9f997becd343443f00df9a
505,59.0696,118c635b1fa03638cd65600c3355d8e9643bc9470e9f997becd343443f00df9a
506,50.0268,118c635b1fa03638cd65600c3355d8e9643bc9470e9f997becd343443f00df9a
507,48.9828,118c635b1fa03638cd65600c3355d8e9643bc9470e9f997becd343443f00df9a
508,47.0720,118c635b1fa03638cd65600c3355d8e9643bc9470e9f997becd343443f00df9a
509,52.1339,118c635b1fa03638cd65600c3355d8e9643bc9470e9f997becd343443f00df9a
510,61.3415,118c635b1fa03638cd65600c3355d8e9643bc9470e9f997becd343443f00df9a
511,78.1618,118c635b1fa03638cd65600c3355d8e9643bc9470e9f997becd343443f00df9a
512,80.1477,118c635b1fa03638cd65600c3355d8e9643bc9470e9f997becd343443f00df9a
513,65.8478,118c635b1fa03638cd65600c3355d8e9643bc9470e9f997becd343443f00df9a
514,60.5472,118c635b1fa03638cd65600c3355d8e9643bc9470e9f997becd343443f00df9a
515,63.1288,118c635b1fa03638cd65600c3355d8e9643bc9470e9f997becd343443f00df9a
516,79.0928,118c635b1fa03638cd65600c3355d8e9643bc9470e9f997becd343443f00df9a
517,67.8003,118c635b1fa03638cd65600c3355d8e9643bc9470e9f997becd343443f00df9a
518,58.6926,118c635b1fa03638cd65600c3355d8e9643bc9470e9f997becd343443f00df9a
519,73.2543,118c635b1fa03638cd65600c3355d8e9643bc9470e9f997becd343443f00df9a
520,50.9647,118c635b1fa03638cd65600c3355d8e9643bc9470e9f997becd343443f00df9a
521,47.8954,118c635b1fa03638cd65600c3355d8e9643bc9470e9f997becd343443f00df9a
522,66.5294,118c635b1fa03638cd65600c3355d8e9643bc9470e9f997becd343443f00df9a
523,63.9813,118c635b1fa03638cd65600c3355d8e9643bc9470e9f997becd343443f00df9a
524,53.4459,118c635b1fa03638cd65600c3355d8e9643bc9470e9f997becd343443f00df9a
525,71.6802,118c635b1fa03638cd65600c3355d8e9643bc9470e9f997becd343443f00df9a
526,55.0216,118c635b1fa03638cd65600c3355d8e9643bc9470e9f997becd343443f00df9a
527,46.0551,118c635b1fa03638cd65600c3355d8e9643bc9470e9f997becd343443f00df9a
528,46.6319,118c635b1fa03638cd65600c3355d8e9643bc9470e9f997becd343443f00df9a
529,58.4084,118c635b1fa03638cd65600c3355d8e9643bc9470e9f997becd343443f00df9a
530,44.8117,118c635b1fa03638cd65600c3355d8e9643bc9470e9f997becd343443f00df9a
531,57.0784,118c635b1fa03638cd65600c3355d8e9643bc9470e9f997becd343443f00df9a
532,61.9666,118c635b1fa03638cd65600c3355d8e9643bc9470e9f997becd343443f00df9a
533,42.8279,118c635b1fa03638cd65600c3355d8e9643bc9470e9f997becd343443f00df9a
534,62.8145,118c635b1fa03638cd65600c3355d8e9643bc9470e9f997becd343443f00df9a
535,45.1265,118c635b1fa03638cd65600c3355d8e9643bc9470e9f997becd343443f00df9a
536,62.0301,118c635b1fa03638cd65600c3355d8e9643bc9470e9f997becd343443f00df9a
537,59.7880,118c635b1fa03638cd65600c3355d8e9643bc9470e9f997becd343443f00df9a
538,43.7796,118c635b1fa03638cd65600c3355d8e9643bc9470e9f997becd343443f00df9a
539,60.8600,118c635b1fa03638cd65600c3355d8e9643bc9470e9f997becd343443f00df9a
540,94.0852,118c635b1fa03638cd65600c3355d8e9643bc9470e9f997becd343443f00df9a
541,90.5073,118c635b1fa03638cd65600c3355d8e9643bc9470e9f997becd343443f00df9a
542,50.7921,118c635b1fa03638cd65600c3355d8e9643bc9470e9f997becd343443f00df9a
543,42.4279,118c635b1fa03638cd65600c3355d8e9643bc9470e9f997becd343443f00df9a
544,39.1806,118c635b1fa03638cd65600c3355d8e9643bc9470e9f997becd343443f00df9a
545,50.3058,118c635b1fa03638cd65600c3355d8e9643bc9470e9f997becd343443f00df9a
546,82.5057,118c635b1fa03638cd65600c3355d8e9643bc9470e9f997becd343443f00df9a
547,57.7323,118c635b1fa03638cd65600c3355d8e9643bc9470e9f997becd343443f00df9a
548,71.5991,118c635b1fa03638cd65600c3355d8e9643bc9470e9f997becd343443f00df9a
549,64.4248,118c635b1fa03638cd65600c3355d8e9643bc9470e9f997becd343443f00df9a
550,60.8499,118c635b1fa03638cd65600c3355d8e9643bc9470e9f997becd343443f00df9a
551,64.8361,118c635b1fa03638cd65600c3355d8e9643bc9470e9f997becd343443f00df9a
552,56.1475,118c635b1fa03638cd65600c3355d8e9643bc9470e9f997becd343443f00df9a
553,54.5617,118c635b1fa03638cd65600c3355d8e9643bc9470e9f997becd343443f00df9a
554,45.8186,118c635b1fa03638cd65600c3355d8e9643bc9470e9f997becd343443f00df9a
555,35.6425,118c635b1fa03638cd65600c3355d8e9643bc9470e9f997becd343443f00df9a
556,62.5655,118c635b1fa03638cd65600c3355d8e9643bc9470e9f997becd343443f00df9a
557,66.5495,118c635b1fa03638cd65600c3355d8e9643bc9470e9f997becd343443f00df9a
558,88.6857,118c635b1fa03638cd65600c3355d8e9643bc9470e9f997becd343443f00df9a
559,84.1932,118c635b1fa03638cd65600c3355d8e9643bc9470e9f997becd343443f00df9a
560,55.9537,118c635b1fa03638cd65600c3355d8e9643bc9470e9f997becd343443f00df9a
561,60.2625,118c635b1fa03638cd65600c3355d8e9643bc9470e9f997becd343443f00df9a
562,44.5430,118c635b1fa03638cd65600c3355d8e9643bc9470e9f997becd343443f00df9a
563,54.8464,118c635b1fa03638cd65600c3355d8e9643bc9470e9f997becd343443f00df9a
564,51.3912,118c635b1fa03638cd65600c3355d8e9643bc9470e9f997becd343443f00df9a
565,54.2457,118c635b1fa03638cd65600c3355d8e9643bc9470e9f997becd343443f00df9a
566,49.4166,118c635b1fa03638cd65600c3355d8e9643bc9470e9f997becd343443f00df9a
567,46.9605,118c635b1fa03638cd65600c3355d8e9643bc9470e9f997becd343443f00df9a
568,63.5148,118c635b1fa03638cd65600c3355d8e9643bc9470e9f997becd343443f00df9a
569,49.6730,118c635b1fa03638cd65600c3355d8e9643bc9470e9f997becd343443f00df9a
570,48.0293,118c635b1fa03638cd65600c3355d8e9643bc9470e9f997becd343443f00df9a
571,47.5916,118c635b1fa03638cd65600c3355d8e9643bc9470e9f997becd343443f00df9a
572,69.8624,118c635b1fa03638cd65600c3355d8e9643bc9470e9f997becd343443f00df9a
573,62.8034,118c635b1fa03638cd65600c3355d8e9643bc9470e9f997becd343443f00df9a
574,44.0878,118c635b1fa03638cd65600c3355d8e9643bc9470e9f997becd343443f00df9a
575,61.3229,118c635b1fa03638cd65600c3355d8e9643bc9470e9f997becd343443f00df9a
576,55.4739,118c635b1fa03638cd65600c3355d8e9643bc9470e9f997becd343443f00df9a
577,45.1762,118c635b1fa03638cd65600c3355d8e9643bc9470e9f997becd343443f00df9a
578,56.0978,118c635b1fa03638cd65600c3355d8e9643bc9470e9f997becd343443f00df9a
579,51.8825,118c635b1fa03638cd65600c3355d8e9643bc9470e9f997becd343443f00df9a
580,42.3764,118c635b1fa03638cd65600c3355d8e9643bc9470e9f997becd343443f00df9a
581,49.9402,118c635b1fa03638cd65600c3355d8e9643bc9470e9f997becd343443f00df9a
582,45.3567,118c635b1fa03638cd65600c3355d8e9643bc9470e9f997becd343443f00df9a
583,32.5371,118c635b1fa03638cd65600c3355d8e9643bc9470e9f997becd343443f00df9a
584,49.4253,118c635b1fa03638cd65600c3355d8e9643bc9470e9f997becd343443f00df9a
585,42.1182,118c635b1fa03638cd65600c3355d8e9643bc9470e9f997becd343443f00df9a
586,39.9000,118c635b1fa03638cd65600c3355d8e9643bc9470e9f997becd343443f00df9a
587,51.0313,118c635b1fa03638cd65600c3355d8e9643bc9470e9f997becd343443f00df9a
588,29.8915,118c635b1fa03638cd65600c3355d8e9643bc9470e9f997becd343443f00df9a
589,78.6921,118c635b1fa03638cd65600c3355d8e9643bc9470e9f997becd343443f00df9a
590,61.1997,118c635b1fa03638cd65600c3355d8e9643bc9470e9f997becd343443f00df9a
591,56.6862,118c635b1fa03638cd65600c3355d8e9643bc9470e9f997becd343443f00df9a
592,43.7675,118c635b1fa03638cd65600c3355d8e9643bc9470e9f997becd343443f00df9a
593,42.4922,118c635b1fa03638cd65600c3355d8e9643bc9470e9f997becd343443f00df9a
594,48.8252,118c635b1fa03638cd65600c3355d8e9643bc9470e9f997becd343443f00df9a
595,58.9212,118c635b1fa03638cd65600c3355d8e9643bc9470e9f997becd343443f00df9a
596,55.5261,118c635b1fa03638cd65600c3355d8e9643bc9470e9f997becd343443f00df9a
597,68.9400,118c635b1fa03638cd65600c3355d8e9643bc9470e9f997becd343443f00df9a
598,69.1212,118c635b1fa03638cd65600c3355d8e9643bc9470e9f997becd343443f00df9a
599,82.6488,118c635b1fa03638cd65600c3355d8e9643bc9470e9f997becd343443f00df9a
600,59.7736,118c635b1fa03638cd65600c3355d8e9643bc9470e9f997becd343443f00df9a
601,76.0241,118c635b1fa03638cd65600c3355d8e9643bc9470e9f997becd343443f00df9a
602,84.5737,118c635b1fa03638cd65600c3355d8e9643bc9470e9f997becd343443f00df9a
603,79.9439,118c635b1fa03638cd65600c3355d8e9643bc9470e9f997becd343443f00df9a
604,77.5995,118c635b1fa03638cd65600c3355d8e9643bc9470e9f997becd343443f00df9a
605,72.9390,118c635b1fa03638cd65600c3355d8e9643bc9470e9f997becd343443f00df9a
606,40.3248,118c635b1fa03638cd65600c3355d8e9643bc9470e9f997becd343443f00df9a
607,77.4096,118c635b1fa03638cd65600c3355d8e9643bc9470e9f997becd343443f00df9a
608,60.5815,118c635b1fa03638cd65600c3355d8e9643bc9470e9f997becd343443f00df9a
609,54.9474,118c635b1fa03638cd65600c3355d8e9643bc9470e9f997becd343443f00df9a
610,73.2920,118c635b1fa03638cd65600c3355d8e9643bc9470e9f997becd343443f00df9a
611,121.0973,118c635b1fa03638cd65600c3355d8e9643bc9470e9f997becd343443f00df9a
612,32.3565,118c635b1fa03638cd65600c3355d8e9643bc9470e9f997becd343443f00df9a
613,50.2405,118c635b1fa03638cd65600c3355d8e9643bc9470e9f997becd343443f00df9a
614,81.4808,118c635b1fa03638cd65600c3355d8e9643bc9470e9f997becd343443f00df9a
615,65.0925,118c635b1fa03638cd65600c3355d8e9643bc9470e9f997becd343443f00df9a
616,35.9864,118c635b1fa03638cd65600c3355d8e9643bc9470e9f997becd343443f00df9a
617,40.2856,118c635b1fa03638cd65600c3355d8e9643bc9470e9f997becd343443f00df9a
618,67.2748,118c635b1fa03638cd65600c3355d8e9643bc9470e9f997becd343443f00df9a
619,95.0874,118c635b1fa03638cd65600c3355d8e9643bc9470e9f997becd343443f00df9a
620,85.0194,118c635b1fa03638cd65600c3355d8e9643bc9470e9f997becd343443f00df9a
621,55.8356,118c635b1fa03638cd65600c3355d8e9643bc9470e9f997becd343443f00df9a
622,59.2326,118c635b1fa03638cd65600c3355d8e9643bc9470e9f997becd343443f00df9a
623,42.3887,118c635b1fa03638cd65600c3355d8e9643bc9470e9f997becd343443f00df9a
624,49.8835,118c635b1fa03638cd65600c3355d8e9643bc9470e9f997becd343443f00df9a
625,70.4860,118c635b1fa03638cd65600c3355d8e9643bc9470e9f997becd343443f00df9a
626,67.9417,118c635b1fa03638cd65600c3355d8e9643bc9470e9f997becd343443f00df9a
627,61.6409,118c635b1fa03638cd65600c3355d8e9643bc9470e9f997becd343443f00df9a
628,42.6614,118c635b1fa03638cd65600c3355d8e9643bc9470e9f997becd343443f00df9a
629,59.5978,118c635b1fa03638cd65600c3355d8e9643bc9470e9f997becd343443f00df9a
630,77.4752,118c635b1fa03638cd65600c3355d8e9643bc9470e9f997becd343443f00df9a
631,72.5014,118c635b1fa03638cd65600c3355d8e9643bc9470e9f997becd343443f00df9a
632,76.4764,118c635b1fa03638cd65600c3355d8e9643bc9470e9f997becd343443f00df9a
633,66.2465,118c635b1fa03638cd65600c3355d8e9643bc9470e9f997becd343443f00df9a
634,74.3613,118c635b1fa03638cd65600c3355d8e9643bc9470e9f997becd343443f00df9a
635,71.7465,118c635b1fa03638cd65600c3355d8e9643bc9470e9f997becd343443f00df9a
636,66.3369,118c635b1fa03638cd65600c3355d8e9643bc9470e9f997becd343443f00df9a
637,75.6545,118c635b1fa03638cd65600c3355d8e9643bc9470e9f997becd343443f00df9a
638,60.0749,118c635b1fa03638cd65600c3355d8e9643bc9470e9f997becd343443f00df9a
639,46.0614,118c635b1fa03638cd65600c3355d8e9643bc9470e9f997becd343443f00df9a
640,34.8791,118c635b1fa03638cd65600c3355d8e9643bc9470e9f997becd343443f00df9a
641,65.1999,118c635b1fa03638cd65600c3355d8e9643bc9470e9f997becd343443f00df9a
642,84.4500,118c635b1fa03638cd65600c3355d8e9643bc9470e9f997becd343443f00df9a
643,69.6868,118c635b1fa03638cd65600c3355d8e9643bc9470e9f997becd343443f00df9a
644,50.7999,118c635b1fa03638cd65600c3355d8e9643bc9470e9f997becd343443f00df9a
645,66.8662,118c635b1fa03638cd65600c3355d8e9643bc9470e9f997becd343443f00df9a
646,70.3133,118c635b1fa03638cd65600c3355d8e9643bc9470e9f997becd343443f00df9a
647,60.4374,118c635b1fa03638cd65600c3355d8e9643bc9470e9f997becd343443f00df9a
648,61.6252,118c635b1fa03638cd65600c3355d8e9643bc9470e9f997becd343443f00df9a
649,74.6206,118c635b1fa03638cd65600c3355d8e9643bc9470e9f997becd343443f00df9a
650,94.8465,118c635b1fa03638cd65600c3355d8e9643bc9470e9f997becd343443f00df9a
651,49.6918,118c635b1fa03638cd65600c3355d8e9643bc9470e9f997becd343443f00df9a
652,37.4940,118c635b1fa03638cd65600c3355d8e9643bc9470e9f997becd343443f00df9a
653,46.7525,118c635b1fa03638cd65600c3355d8e9643bc9470e9f997becd343443f00df9a
654,35.0051,118c635b1fa03638cd65600c3355d8e9643bc9470e9f997becd343443f00df9a
655,67.7444,118c635b1fa03638cd65600c3355d8e9643bc9470e9f997becd343443f00df9a
656,69.9963,118c635b1fa03638cd65600c3355d8e9643bc9470e9f997becd343443f00df9a
657,71.9377,118c635b1fa03638cd65600c3355d8e9643bc9470e9f997becd343443f00df9a
658,57.4625,118c635b1fa03638cd65600c3355d8e9643bc9470e9f997becd343443f00df9a
659,75.2253,118c635b1fa03638cd65600c3355d8e9643bc9470e9f997becd343443f00df9a
660,75.7543,118c635b1fa03638cd65600c3355d8e9643bc9470e9f997becd343443f00df9a
661,75.9279,118c635b1fa03638cd65600c3355d8e9643bc9470e9f997becd343443f00df9a
662,81.8176,118c635b1fa03638cd65600c3355d8e9643bc9470e9f997becd343443f00df9a
663,79.7444,118c635b1fa03638cd65600c3355d8e9643bc9470e9f997becd343443f00df9a
664,78.0500,118c635b1fa03638cd65600c3355d8e9643bc9470e9f997becd343443f00df9a
665,77.7087,118c635b1fa03638cd65600c3355d8e9643bc9470e9f997becd343443f00df9a
666,85.9227,118c635b1fa03638cd65600c3355d8e9643bc9470e9f997becd343443f00df9a
667,60.4020,118c635b1fa03638cd65600c3355d8e9643bc9470e9f997becd343443f00df9a
668,45.4549,118c635b1fa03638cd65600c3355d8e9643bc9470e9f997becd343443f00df9a
669,76.0014,118c635b1fa03638cd65600c3355d8e9643bc9470e9f997becd343443f00df9a
670,55.6167,118c635b1fa03638cd65600c3355d8e9643bc9470e9f997becd343443f00df9a
671,68.1628,118c635b1fa03638cd65600c3355d8e9643bc9470e9f997becd343443f00df9a
672,75.7548,118c635b1fa03638cd65600c3355d8e9643bc9470e9f997becd343443f00df9a
673,81.2035,118c635b1fa03638cd65600c3355d8e9643bc9470e9f997becd343443f00df9a
674,80.6380,118c635b1fa03638cd65600c3355d8e9643bc9470e9f997becd343443f00df9a
675,80.0924,118c635b1fa03638cd65600c3355d8e9643bc9470e9f997becd343443f00df9a
676,63.4216,118c635b1fa03638cd65600c3355d8e9643bc9470e9f997becd343443f00df9a
677,75.2211,118c635b1fa03638cd65600c3355d8e9643bc9470e9f997becd343443f00df9a
678,79.9270,118c635b1fa03638cd65600c3355d8e9643bc9470e9f997becd343443f00df9a
679,75.5285,118c635b1fa03638cd65600c3355d8e9643bc9470e9f997becd343443f00df9a
680,44.0569,118c635b1fa03638cd65600c3355d8e9643bc9470e9f997becd343443f00df9a
681,42.0439,118c635b1fa03638cd65600c3355d8e9643bc9470e9f997becd343443f00df9a
682,80.3169,118c635b1fa03638cd65600c3355d8e9643bc9470e9f997becd343443f00df9a
683,49.3424,118c635b1fa03638cd65600c3355d8e9643bc9470e9f997becd343443f00df9a
684,49.9150,118c635b1fa03638cd65600c3355d8e9643bc9470e9f997becd343443f00df9a
685,84.3759,118c635b1fa03638cd65600c3355d8e9643bc9470e9f997becd343443f00df9a
686,74.6369,118c635b1fa03638cd65600c3355d8e9643bc9470e9f997becd343443f00df9a
687,79.4001,118c635b1fa03638cd65600c3355d8e9643bc9470e9f997becd343443f00df9a
688,74.1067,118c635b1fa03638cd65600c3355d8e9643bc9470e9f997becd343443f00df9a
689,75.5567,118c635b1fa03638cd65600c3355d8e9643bc9470e9f997becd343443f00df9a
690,80.4257,118c635b1fa03638cd65600c3355d8e9643bc9470e9f997becd343443f00df9a
691,76.3400,118c635b1fa03638cd65600c3355d8e9643bc9470e9f997becd343443f00df9a
692,69.2432,118c635b1fa03638cd65600c3355d8e9643bc9470e9f997becd343443f00df9a
693,61.8918,118c635b1fa03638cd65600c3355d8e9643bc9470e9f997becd343443f00df9a
694,58.4968,118c635b1fa03638cd65600c3355d8e9643bc9470e9f997becd343443f00df9a
695,78.8131,118c635b1fa03638cd65600c3355d8e9643bc9470e9f997becd343443f00df9a
696,77.0511,118c635b1fa03638cd65600c3355d8e9643bc9470e9f997becd343443f00df9a
697,88.4138,118c635b1fa03638cd65600c3355d8e9643bc9470e9f997becd343443f00df9a
698,48.2146,118c635b1fa03638cd65600c3355d8e9643bc9470e9f997becd343443f00df9a
699,78.5073,118c635b1fa03638cd65600c3355d8e9643bc9470e9f997becd343443f00df9a
700,71.0387,118c635b1fa03638cd65600c3355d8e9643bc9470e9f997becd343443f00df9a
701,80.0515,118c635b1fa03638cd65600c3355d8e9643bc9470e9f997becd343443f00df9a
702,62.3782,118c635b1fa03638cd65600c3355d8e9643bc9470e9f997becd343443f00df9a
703,42.2856,118c635b1fa03638cd65600c3355d8e9643bc9470e9f997becd343443f00df9a
704,29.9088,118c635b1fa03638cd65600c3355d8e9643bc9470e9f997becd343443f00df9a
705,71.8875,118c635b1fa03638cd65600c3355d8e9643bc9470e9f997becd343443f00df9a
706,78.0223,118c635b1fa03638cd65600c3355d8e9643bc9470e9f997becd343443f00df9a
707,77.3662,118c635b1fa03638cd65600c3355d8e9643bc9470e9f997becd343443f00df9a
708,80.3048,118c635b1fa03638cd65600c3355d8e9643bc9470e9f997becd343443f00df9a
709,68.5419,118c635b1fa03638cd65600c3355d8e9643bc9470e9f997becd343443f00df9a
710,43.3507,118c635b1fa03638cd65600c3355d8e9643bc9470e9f997becd343443f00df9a
711,60.4821,118c635b1fa03638cd65600c3355d8e9643bc9470e9f997becd343443f00df9a
712,78.8098,118c635b1fa03638cd65600c3355d8e9643bc9470e9f997becd343443f00df9a
713,89.2746,118c635b1fa03638cd65600c3355d8e9643bc9470e9f997becd343443f00df9a
714,78.1719,118c635b1fa03638cd65600c3355d8e9643bc9470e9f997becd343443f00df9a
715,82.5417,118c635b1fa03638cd65600c3355d8e9643bc9470e9f997becd343443f00df9a
716,74.2191,118c635b1fa03638cd65600c3355d8e9643bc9470e9f997becd343443f00df9a
717,56.0749,118c635b1fa03638cd65600c3355d8e9643bc9470e9f997becd343443f00df9a
718,46.8172,118c635b1fa03638cd65600c3355d8e9643bc9470e9f997becd343443f00df9a
719,39.7433,118c635b1fa03638cd65600c3355d8e9643bc9470e9f997becd343443f00df9a
720,68.1214,118c635b1fa03638cd65600c3355d8e9643bc9470e9f997becd343443f00df9a
721,52.9656,118c635b1fa03638cd65600c3355d8e9643bc9470e9f997becd343443f00df9a
722,52.6826,118c635b1fa03638cd65600c3355d8e9643bc9470e9f997becd343443f00df9a
723,48.7741,118c635b1fa03638cd65600c3355d8e9643bc9470e9f997becd343443f00df9a
724,48.0544,118c635b1fa03638cd65600c3355d8e9643bc9470e9f997becd343443f00df9a
725,48.0006,118c635b1fa03638cd65600c3355d8e9643bc9470e9f997becd343443f00df9a
726,59.6449,118c635b1fa03638cd65600c3355d8e9643bc9470e9f997becd343443f00df9a
727,53.2373,118c635b1fa03638cd65600c3355d8e9643bc9470e9f997becd343443f00df9a
728,57.4584,118c635b1fa03638cd65600c3355d8e9643bc9470e9f997becd343443f00df9a
729,103.2250,118c635b1fa03638cd65600c3355d8e9643bc9470e9f997becd343443f00df9a
730,129.5756,118c635b1fa03638cd65600c3355d8e9643bc9470e9f997becd343443f00df9a
731,159.1586,118c635b1fa03638cd65600c3355d8e9643bc9470e9f997becd343443f00df9a
732,156.7050,118c635b1fa03638cd65600c3355d8e9643bc9470e9f997becd343443f00df9a
733,147.4276,118c635b1fa03638cd65600c3355d8e9643bc9470e9f997becd343443f00df9a
734,141.3379,118c635b1fa03638cd65600c3355d8e9643bc9470e9f997becd343443f00df9a
735,142.0125,118c635b1fa03638cd65600c3355d8e9643bc9470e9f997becd343443f00df9a
736,138.2181,118c635b1fa03638cd65600c3355d8e9643bc9470e9f997becd343443f00df9a
737,144.6439,118c635b1fa03638cd65600c3355d8e9643bc9470e9f997becd343443f00df9a
738,161.7979,118c635b1fa03638cd65600c3355d8e9643bc9470e9f997becd343443f00df9a
739,228.5123,118c635b1fa03638cd65600c3355d8e9643bc9470e9f997becd343443f00df9a
740,260.7896,118c635b1fa03638cd65600c3355d8e9643bc9470e9f997becd343443f00df9a
741,188.5590,118c635b1fa03638cd65600c3355d8e9643bc9470e9f997becd343443f00df9a
742,206.0887,118c635b1fa03638cd65600c3355d8e9643bc9470e9f997becd343443f00df9a
743,203.5670,118c635b1fa03638cd65600c3355d8e9643bc9470e9f997becd343443f00df9a
744,135.7619,118c635b1fa03638cd65600c3355d8e9643bc9470e9f997becd343443f00df9a
745,144.9905,118c635b1fa03638cd65600c3355d8e9643bc9470e9f997becd343443f00df9a
746,199.2143,118c635b1fa03638cd65600c3355d8e9643bc9470e9f997becd343443f00df9a
747,183.2778,118c635b1fa03638cd65600c3355d8e9643bc9470e9f997becd343443f00df9a
748,133.0088,118c635b1fa03638cd65600c3355d8e9643bc9470e9f997becd343443f00df9a
749,216.9146,118c635b1fa03638cd65600c3355d8e9643bc9470e9f997becd343443f00df9a
750,337.2895,118c635b1fa03638cd65600c3355d8e9643bc9470e9f997becd343443f00df9a
751,235.8153,118c635b1fa03638cd65600c3355d8e9643bc9470e9f997becd343443f00df9a
752,174.1320,118c635b1fa03638cd65600c3355d8e9643bc9470e9f997becd343443f00df9a
753,145.9484,118c635b1fa03638cd65600c3355d8e9643bc9470e9f997becd343443f00df9a
754,130.8626,118c635b1fa03638cd65600c3355d8e9643bc9470e9f997becd343443f00df9a
755,124.7930,118c635b1fa03638cd65600c3355d8e9643bc9470e9f997becd343443f00df9a
756,150.4112,118c635b1fa03638cd65600c3355d8e9643bc9470e9f997becd343443f00df9a
757,117.7225,118c635b1fa03638cd65600c3355d8e9643bc9470e9f997becd343443f00df9a
758,150.5252,118c635b1fa03638cd65600c3355d8e9643bc9470e9f997becd343443f00df9a
759,111.7119,118c635b1fa03638cd65600c3355d8e9643bc9470e9f997becd343443f00df9a
760,114.8034,118c635b1fa03638cd65600c3355d8e9643bc9470e9f997becd343443f00df9a
761,115.6253,118c635b1fa03638cd65600c3355d8e9643bc9470e9f997becd343443f00df9a
762,113.9076,118c635b1fa03638cd65600c3355d8e9643bc9470e9f997becd343443f00df9a
763,118.9928,118c635b1fa03638cd65600c3355d8e9643bc9470e9f997becd343443f00df9a
764,121.1857,118c635b1fa03638cd65600c3355d8e9643bc9470e9f997becd343443f00df9a
765,97.8012,118c635b1fa03638cd65600c3355d8e9643bc9470e9f997becd343443f00df9a
766,119.2228,118c635b1fa03638cd65600c3355d8e9643bc9470e9f997becd343443f00df9a
767,106.1956,118c635b1fa03638cd65600c3355d8e9643bc9470e9f997becd343443f00df9a
768,120.9919,118c635b1fa03638cd65600c3355d8e9643bc9470e9f997becd343443f00df9a
769,110.1860,118c635b1fa03638cd65600c3355d8e9643bc9470e9f997becd343443f00df9a
770,151.3900,118c635b1fa03638cd65600c3355d8e9643bc9470e9f997becd343443f00df9a
771,120.7348,118c635b1fa03638cd65600c3355d8e9643bc9470e9f997becd343443f00df9a
772,158.6043,118c635b1fa03638cd65600c3355d8e9643bc9470e9f997becd343443f00df9a
773,139.6525,118c635b1fa03638cd65600c3355d8e9643bc9470e9f997becd343443f00df9a
774,109.6421,118c635b1fa03638cd65600c3355d8e9643bc9470e9f997becd343443f00df9a
775,134.4730,118c635b1fa03638cd65600c3355d8e9643bc9470e9f997becd343443f00df9a
776,126.0665,118c635b1fa03638cd65600c3355d8e9643bc9470e9f997becd343443f00df9a
777,134.6050,118c635b1fa03638cd65600c3355d8e9643bc9470e9f997becd343443f00df9a
778,186.9436,118c635b1fa03638cd65600c3355d8e9643bc9470e9f997becd343443f00df9a
779,202.3609,118c635b1fa03638cd65600c3355d8e9643bc9470e9f997becd343443f00df9a
780,298.8806,118c635b1fa03638cd65600c3355d8e9643bc9470e9f997becd343443f00df9a
781,161.7609,118c635b1fa03638cd65600c3355d8e9643bc9470e9f997becd343443f00df9a
782,179.0842,118c635b1fa03638cd65600c3355d8e9643bc9470e9f997becd343443f00df9a
783,119.7637,118c635b1fa03638cd65600c3355d8e9643bc9470e9f997becd343443f00df9a
784,145.5742,118c635b1fa03638cd65600c3355d8e9643bc9470e9f997becd343443f00df9a
785,302.8319,118c635b1fa03638cd65600c3355d8e9643bc9470e9f997becd343443f00df9a
786,268.8350,118c635b1fa03638cd65600c3355d8e9643bc9470e9f997becd343443f00df9a
787,184.0021,118c635b1fa03638cd65600c3355d8e9643bc9470e9f997becd343443f00df9a
788,208.8433,118c635b1fa03638cd65600c3355d8e9643bc9470e9f997becd343443f00df9a
789,142.2488,118c635b1fa03638cd65600c3355d8e9643bc9470e9f997becd343443f00df9a
790,138.3651,118c635b1fa03638cd65600c3355d8e9643bc9470e9f997becd343443f00df9a
791,176.8925,118c635b1fa03638cd65600c3355d8e9643bc9470e9f997becd343443f00df9a
792,144.1380,118c635b1fa03638cd65600c3355d8e9643bc9470e9f997becd343443f00df9a
793,115.9514,118c635b1fa03638cd65600c3355d8e9643bc9470e9f997becd343443f00df9a
794,128.2801,118c635b1fa03638cd65600c3355d8e9643bc9470e9f997becd343443f00df9a
795,134.8197,118c635b1fa03638cd65600c3355d8e9643bc9470e9f997becd343443f00df9a
796,134.5738,118c635b1fa03638cd65600c3355d8e9643bc9470e9f997becd343443f00df9a
797,111.2727,118c635b1fa03638cd65600c3355d8e9643bc9470e9f997becd343443f00df9a
798,122.1655,118c635b1fa03638cd65600c3355d8e9643bc9470e9f997becd343443f00df9a
799,147.5471,118c635b1fa03638cd65600c3355d8e9643bc9470e9f997becd343443f00df9a
800,162.2182,118c635b1fa03638cd65600c3355d8e9643bc9470e9f997becd343443f00df9a
801,149.2457,118c635b1fa03638cd65600c3355d8e9643bc9470e9f997becd343443f00df9a
802,155.3665,118c635b1fa03638cd65600c3355d8e9643bc9470e9f997becd343443f00df9a
803,166.4500,118c635b1fa03638cd65600c3355d8e9643bc9470e9f997becd343443f00df9a
804,147.1112,118c635b1fa03638cd65600c3355d8e9643bc9470e9f997becd343443f00df9a
805,154.5949,118c635b1fa03638cd65600c3355d8e9643bc9470e9f997becd343443f00df9a
806,162.3356,118c635b1fa03638cd65600c3355d8e9643bc9470e9f997becd343443f00df9a
807,151.8647,118c635b1fa03638cd65600c3355d8e9643bc9470e9f997becd343443f00df9a
808,152.6739,118c635b1fa03638cd65600c3355d8e9643bc9470e9f997becd343443f00df9a
809,130.7478,118c635b1fa03638cd65600c3355d8e9643bc9470e9f997becd343443f00df9a
810,148.8392,118c635b1fa03638cd65600c3355d8e9643bc9470e9f997becd343443f00df9a
811,108.1649,118c635b1fa03638cd65600c3355d8e9643bc9470e9f997becd343443f00df9a
812,107.6033,118c635b1fa03638cd65600c3355d8e9643bc9470e9f997becd343443f00df9a
813,123.0408,118c635b1fa03638cd65600c3355d8e9643bc9470e9f997becd343443f00df9a
814,124.1040,118c635b1fa03638cd65600c3355d8e9643bc9470e9f997becd343443f00df9a
815,293.7563,118c635b1fa03638cd65600c3355d8e9643bc9470e9f997becd343443f00df9a
816,206.9768,118c635b1fa03638cd65600c3355d8e9643bc9470e9f997becd343443f00df9a
817,213.1456,118c635b1fa03638cd65600c3355d8e9643bc9470e9f997becd343443f00df9a
818,246.1529,118c635b1fa03638cd65600c3355d8e9643bc9470e9f997becd343443f00df9a
819,316.7325,118c635b1fa03638cd65600c3355d8e9643bc9470e9f997becd343443f00df9a
820,307.7237,118c635b1fa03638cd65600c3355d8e9643bc9470e9f997becd343443f00df9a
821,187.6667,118c635b1fa03638cd65600c3355d8e9643bc9470e9f997becd343443f00df9a
822,240.0060,118c635b1fa03638cd65600c3355d8e9643bc9470e9f997becd343443f00df9a
823,203.3217,118c635b1fa03638cd65600c3355d8e9643bc9470e9f997becd343443f00df9a
824,168.2898,118c635b1fa03638cd65600c3355d8e9643bc9470e9f997becd343443f00df9a
825,118.1911,118c635b1fa03638cd65600c3355d8e9643bc9470e9f997becd343443f00df9a
826,118.7932,118c635b1fa03638cd65600c3355d8e9643bc9470e9f997becd343443f00df9a
827,143.3198,118c635b1fa03638cd65600c3355d8e9643bc9470e9f997becd343443f00df9a
828,157.1999,118c635b1fa03638cd65600c3355d8e9643bc9470e9f997becd343443f00df9a
829,126.6063,118c635b1fa03638cd65600c3355d8e9643bc9470e9f997becd343443f00df9a
830,111.8175,118c635b1fa03638cd65600c3355d8e9643bc9470e9f997becd343443f00df9a
831,127.5113,118c635b1fa03638cd65600c3355d8e9643bc9470e9f997becd343443f00df9a
832,134.0458,118c635b1fa03638cd65600c3355d8e9643bc9470e9f997becd343443f00df9a
833,126.8151,118c635b1fa03638cd65600c3355d8e9643bc9470e9f997becd343443f00df9a
834,121.5996,118c635b1fa03638cd65600c3355d8e9643bc9470e9f997becd343443f00df9a
835,161.5750,118c635b1fa03638cd65600c3355d8e9643bc9470e9f997becd343443f00df9a
836,215.0539,118c635b1fa03638cd65600c3355d8e9643bc9470e9f997becd343443f00df9a
837,130.7642,118c635b1fa03638cd65600c3355d8e9643bc9470e9f997becd343443f00df9a
838,129.7765,118c635b1fa03638cd65600c3355d8e9643bc9470e9f997becd343443f00df9a
839,122.0999,118c635b1fa03638cd65600c3355d8e9643bc9470e9f997becd343443f00df9a
840,153.8305,118c635b1fa03638cd65600c3355d8e9643bc9470e9f997becd343443f00df9a
841,118.6931,118c635b1fa03638cd65600c3355d8e9643bc9470e9f997becd343443f00df9a
842,136.4483,118c635b1fa03638cd65600c3355d8e9643bc9470e9f997becd343443f00df9a
843,141.1163,118c635b1fa03638cd65600c3355d8e9643bc9470e9f997becd343443f00df9a
844,140.0637,118c635b1fa03638cd65600c3355d8e9643bc9470e9f997becd343443f00df9a
845,153.2866,118c635b1fa03638cd65600c3355d8e9643bc9470e9f997becd343443f00df9a
846,130.2970,118c635b1fa03638cd65600c3355d8e9643bc9470e9f997becd343443f00df9a
847,133.4940,118c635b1fa03638cd65600c3355d8e9643bc9470e9f997becd343443f00df9a
848,110.1322,118c635b1fa03638cd65600c3355d8e9643bc9470e9f997becd343443f00df9a
849,143.0596,118c635b1fa03638cd65600c3355d8e9643bc9470e9f997becd343443f00df9a
850,158.1245,118c635b1fa03638cd65600c3355d8e9643bc9470e9f997becd343443f00df9a
851,120.1095,118c635b1fa03638cd65600c3355d8e9643bc9470e9f997becd343443f00df9a
852,117.3194,118c635b1fa03638cd65600c3355d8e9643bc9470e9f997becd343443f00df9a
853,136.5226,118c635b1fa03638cd65600c3355d8e9643bc9470e9f997becd343443f00df9a
854,126.3123,118c635b1fa03638cd65600c3355d8e9643bc9470e9f997becd343443f00df9a
855,129.4114,118c635b1fa03638cd65600c3355d8e9643bc9470e9f997becd343443f00df9a
856,149.2648,118c635b1fa03638cd65600c3355d8e9643bc9470e9f997becd343443f00df9a
857,144.7657,118c635b1fa03638cd65600c3355d8e9643bc9470e9f997becd343443f00df9a
858,125.1841,118c635b1fa03638cd65600c3355d8e9643bc9470e9f997becd343443f00df9a
859,127.7835,118c635b1fa03638cd65600c3355d8e9643bc9470e9f997becd343443f00df9a
860,134.2185,118c635b1fa03638cd65600c3355d8e9643bc9470e9f997becd343443f00df9a
861,133.2616,118c635b1fa03638cd65600c3355d8e9643bc9470e9f997becd343443f00df9a
862,129.4567,118c635b1fa03638cd65600c3355d8e9643bc9470e9f997becd343443f00df9a
863,185.2257,118c635b1fa03638cd65600c3355d8e9643bc9470e9f997becd343443f00df9a
864,145.0494,118c635b1fa03638cd65600c3355d8e9643bc9470e9f997becd343443f00df9a
865,155.5770,118c635b1fa03638cd65600c3355d8e9643bc9470e9f997becd343443f00df9a
866,153.7226,118c635b1fa03638cd65600c3355d8e9643bc9470e9f997becd343443f00df9a
867,130.7053,118c635b1fa03638cd65600c3355d8e9643bc9470e9f997becd343443f00df9a
868,114.9966,118c635b1fa03638cd65600c3355d8e9643bc9470e9f997becd343443f00df9a
869,121.2503,118c635b1fa03638cd65600c3355d8e9643bc9470e9f997becd343443f00df9a
870,149.4253,118c635b1fa03638cd65600c3355d8e9643bc9470e9f997becd343443f00df9a
871,122.6183,118c635b1fa03638cd65600c3355d8e9643bc9470e9f997becd343443f00df9a
872,117.9168,118c635b1fa03638cd65600c3355d8e9643bc9470e9f997becd343443f00df9a
873,129.4908,118c635b1fa03638cd65600c3355d8e9643bc9470e9f997becd343443f00df9a
874,161.2540,118c635b1fa03638cd65600c3355d8e9643bc9470e9f997becd343443f00df9a
875,172.2646,118c635b1fa03638cd65600c3355d8e9643bc9470e9f997becd343443f00df9a
876,250.7254,118c635b1fa03638cd65600c3355d8e9643bc9470e9f997becd343443f00df9a
877,141.5654,118c635b1fa03638cd65600c3355d8e9643bc9470e9f997becd343443f00df9a
878,150.2412,118c635b1fa03638cd65600c3355d8e9643bc9470e9f997becd343443f00df9a
879,142.0329,118c635b1fa03638cd65600c3355d8e9643bc9470e9f997becd343443f00df9a
880,152.5483,118c635b1fa03638cd65600c3355d8e9643bc9470e9f997becd343443f00df9a
881,133.2911,118c635b1fa03638cd65600c3355d8e9643bc9470e9f997becd343443f00df9a
882,142.4527,118c635b1fa03638cd65600c3355d8e9643bc9470e9f997becd343443f00df9a
883,142.2469,118c635b1fa03638cd65600c3355d8e9643bc9470e9f997becd343443f00df9a
884,147.3266,118c635b1fa03638cd65600c3355d8e9643bc9470e9f997becd343443f00df9a
885,150.5575,118c635b1fa03638cd65600c3355d8e9643bc9470e9f997becd343443f00df9a
886,160.1878,118c635b1fa03638cd65600c3355d8e9643bc9470e9f997becd343443f00df9a
887,145.5010,118c635b1fa03638cd65600c3355d8e9643bc9470e9f997becd343443f00df9a
888,146.3998,118c635b1fa03638cd65600c3355d8e9643bc9470e9f997becd343443f00df9a
889,138.8674,118c635b1fa03638cd65600c3355d8e9643bc9470e9f997becd343443f00df9a
890,166.9123,118c635b1fa03638cd65600c3355d8e9643bc9470e9f997becd343443f00df9a
891,166.4061,118c635b1fa03638cd65600c3355d8e9643bc9470e9f997becd343443f00df9a
892,135.0842,118c635b1fa03638cd65600c3355d8e9643bc9470e9f997becd343443f00df9a
893,131.6051,118c635b1fa03638cd65600c3355d8e9643bc9470e9f997becd343443f00df9a
894,143.9993,118c635b1fa03638cd65600c3355d8e9643bc9470e9f997becd343443f00df9a
895,144.9007,118c635b1fa03638cd65600c3355d8e9643bc9470e9f997becd343443f00df9a
896,145.3725,118c635b1fa03638cd65600c3355d8e9643bc9470e9f997becd343443f00df9a
897,139.5361,118c635b1fa03638cd65600c3355d8e9643bc9470e9f997becd343443f00df9a
898,169.9703,118c635b1fa03638cd65600c3355d8e9643bc9470e9f997becd343443f00df9a
899,135.1211,118c635b1fa03638cd65600c3355d8e9643bc9470e9f997becd343443f00df9a
900,139.6993,118c635b1fa03638cd65600c3355d8e9643bc9470e9f997becd343443f00df9a
901,174.8301,118c635b1fa03638cd65600c3355d8e9643bc9470e9f997becd343443f00df9a
902,127.3814,118c635b1fa03638cd65600c3355d8e9643bc9470e9f997becd343443f00df9a
903,125.6811,118c635b1fa03638cd65600c3355d8e9643bc9470e9f997becd343443f00df9a
904,148.6683,118c635b1fa03638cd65600c3355d8e9643bc9470e9f997becd343443f00df9a
905,164.4286,118c635b1fa03638cd65600c3355d8e9643bc9470e9f997becd343443f00df9a
906,147.8192,118c635b1fa03638cd65600c3355d8e9643bc9470e9f997becd343443f00df9a
907,143.5754,118c635b1fa03638cd65600c3355d8e9643bc9470e9f997becd343443f00df9a
908,109.9774,118c635b1fa03638cd65600c3355d8e9643bc9470e9f997becd343443f00df9a
909,100.3548,118c635b1fa03638cd65600c3355d8e9643bc9470e9f997becd343443f00df9a
910,121.8696,118c635b1fa03638cd65600c3355d8e9643bc9470e9f997becd343443f00df9a
911,131.9838,118c635b1fa03638cd65600c3355d8e9643bc9470e9f997becd343443f00df9a
912,141.9645,118c635b1fa03638cd65600c3355d8e9643bc9470e9f997becd343443f00df9a
913,130.8267,118c635b1fa03638cd65600c3355d8e9643bc9470e9f997becd343443f00df9a
914,138.5023,118c635b1fa03638cd65600c3355d8e9643bc9470e9f997becd343443f00df9a
915,122.3019,118c635b1fa03638cd65600c3355d8e9643bc9470e9f997becd343443f00df9a
916,137.7407,118c635b1fa03638cd65600c3355d8e9643bc9470e9f997becd343443f00df9a
917,118.9983,118c635b1fa03638cd65600c3355d8e9643bc9470e9f997becd343443f00df9a
918,140.6909,118c635b1fa03638cd65600c3355d8e9643bc9470e9f997becd343443f00df9a
919,148.8169,118c635b1fa03638cd65600c3355d8e9643bc9470e9f997becd343443f00df9a
920,141.2909,118c635b1fa03638cd65600c3355d8e9643bc9470e9f997becd343443f00df9a
921,148.0068,118c635b1fa03638cd65600c3355d8e9643bc9470e9f997becd343443f00df9a
922,128.8536,118c635b1fa03638cd65600c3355d8e9643bc9470e9f997becd343443f00df9a
923,135.9440,118c635b1fa03638cd65600c3355d8e9643bc9470e9f997becd343443f00df9a
924,145.1034,118c635b1fa03638cd65600c3355d8e9643bc9470e9f997becd343443f00df9a
925,138.4195,118c635b1fa03638cd65600c3355d8e9643bc9470e9f997becd343443f00df9a
926,140.9366,118c635b1fa03638cd65600c3355d8e9643bc9470e9f997becd343443f00df9a
927,134.4154,118c635b1fa03638cd65600c3355d8e9643bc9470e9f997becd343443f00df9a
928,140.6787,118c635b1fa03638cd65600c3355d8e9643bc9470e9f997becd343443f00df9a
929,156.8307,118c635b1fa03638cd65600c3355d8e9643bc9470e9f997becd343443f00df9a
930,150.5806,118c635b1fa03638cd65600c3355d8e9643bc9470e9f997becd343443f00df9a
931,144.4490,118c635b1fa03638cd65600c3355d8e9643bc9470e9f997becd343443f00df9a
932,131.4427,118c635b1fa03638cd65600c3355d8e9643bc9470e9f997becd343443f00df9a
933,142.8580,118c635b1fa03638cd65600c3355d8e9643bc9470e9f997becd343443f00df9a
934,139.6915,118c635b1fa03638cd65600c3355d8e9643bc9470e9f997becd343443f00df9a
935,143.8872,118c635b1fa03638cd65600c3355d8e9643bc9470e9f997becd343443f00df9a
936,149.6498,118c635b1fa03638cd65600c3355d8e9643bc9470e9f997becd343443f00df9a
937,130.2714,118c635b1fa03638cd65600c3355d8e9643bc9470e9f997becd343443f00df9a
938,128.1705,118c635b1fa03638cd65600c3355d8e9643bc9470e9f997becd343443f00df9a
939,144.9212,118c635b1fa03638cd65600c3355d8e9643bc9470e9f997becd343443f00df9a
940,142.8729,118c635b1fa03638cd65600c3355d8e9643bc9470e9f997becd343443f00df9a
941,127.4514,118c635b1fa03638cd65600c3355d8e9643bc9470e9f997becd343443f00df9a
942,139.7317,118c635b1fa03638cd65600c3355d8e9643bc9470e9f997becd343443f00df9a
943,122.2158,118c635b1fa03638cd65600c3355d8e9643bc9470e9f997becd343443f00df9a
944,118.7439,118c635b1fa03638cd65600c3355d8e9643bc9470e9f997becd343443f00df9a
945,125.7169,118c635b1fa03638cd65600c3355d8e9643bc9470e9f997becd343443f00df9a
946,126.4453,118c635b1fa03638cd65600c3355d8e9643bc9470e9f997becd343443f00df9a
947,153.9610,118c635b1fa03638cd65600c3355d8e9643bc9470e9f997becd343443f00df9a
948,139.4750,118c635b1fa03638cd65600c3355d8e9643bc9470e9f997becd343443f00df9a
949,138.7084,118c635b1fa03638cd65600c3355d8e9643bc9470e9f997becd343443f00df9a
950,138.2313,118c635b1fa03638cd65600c3355d8e9643bc9470e9f997becd343443f00df9a
951,141.1656,118c635b1fa03638cd65600c3355d8e9643bc9470e9f997becd343443f00df9a
952,138.0540,118c635b1fa03638cd65600c3355d8e9643bc9470e9f997becd343443f00df9a
953,148.4333,118c635b1fa03638cd65600c3355d8e9643bc9470e9f997becd343443f00df9a
954,142.5897,118c635b1fa03638cd65600c3355d8e9643bc9470e9f997becd343443f00df9a
955,124.5631,118c635b1fa03638cd65600c3355d8e9643bc9470e9f997becd343443f00df9a
956,147.1050,118c635b1fa03638cd65600c3355d8e9643bc9470e9f997becd343443f00df9a
957,177.1748,118c635b1fa03638cd65600c3355d8e9643bc9470e9f997becd343443f00df9a
958,119.6692,118c635b1fa03638cd65600c3355d8e9643bc9470e9f997becd343443f00df9a
959,139.0956,118c635b1fa03638cd65600c3355d8e9643bc9470e9f997becd343443f00df9a
960,158.2252,118c635b1fa03638cd65600c3355d8e9643bc9470e9f997becd343443f00df9a
961,146.7893,118c635b1fa03638cd65600c3355d8e9643bc9470e9f997becd343443f00df9a
962,141.9446,118c635b1fa03638cd65600c3355d8e9643bc9470e9f997becd343443f00df9a
963,163.3957,118c635b1fa03638cd65600c3355d8e9643bc9470e9f997becd343443f00df9a
964,138.5921,118c635b1fa03638cd65600c3355d8e9643bc9470e9f997becd343443f00df9a
965,137.5948,118c635b1fa03638cd65600c3355d8e9643bc9470e9f997becd343443f00df9a
966,142.4331,118c635b1fa03638cd65600c3355d8e9643bc9470e9f997becd343443f00df9a
967,219.1448,118c635b1fa03638cd65600c3355d8e9643bc9470e9f997becd343443f00df9a
968,146.8894,118c635b1fa03638cd65600c3355d8e9643bc9470e9f997becd343443f00df9a
969,134.8402,118c635b1fa03638cd65600c3355d8e9643bc9470e9f997becd343443f00df9a
970,127.5024,118c635b1fa03638cd65600c3355d8e9643bc9470e9f997becd343443f00df9a
971,122.7445,118c635b1fa03638cd65600c3355d8e9643bc9470e9f997becd343443f00df9a
972,145.4229,118c635b1fa03638cd65600c3355d8e9643bc9470e9f997becd343443f00df9a
973,221.2930,118c635b1fa03638cd65600c3355d8e9643bc9470e9f997becd343443f00df9a
974,134.4289,118c635b1fa03638cd65600c3355d8e9643bc9470e9f997becd343443f00df9a
975,163.5449,118c635b1fa03638cd65600c3355d8e9643bc9470e9f997becd343443f00df9a
976,139.6188,118c635b1fa03638cd65600c3355d8e9643bc9470e9f997becd343443f00df9a
977,122.6736,118c635b1fa03638cd65600c3355d8e9643bc9470e9f997becd343443f00df9a
978,145.3792,118c635b1fa03638cd65600c3355d8e9643bc9470e9f997becd343443f00df9a
979,122.0207,118c635b1fa03638cd65600c3355d8e9643bc9470e9f997becd343443f00df9a
980,124.3533,118c635b1fa03638cd65600c3355d8e9643bc9470e9f997becd343443f00df9a
981,122.6371,118c635b1fa03638cd65600c3355d8e9643bc9470e9f997becd343443f00df9a
982,130.1640,118c635b1fa03638cd65600c3355d8e9643bc9470e9f997becd343443f00df9a
983,131.8723,118c635b1fa03638cd65600c3355d8e9643bc9470e9f997becd343443f00df9a
984,141.5028,118c635b1fa03638cd65600c3355d8e9643bc9470e9f997becd343443f00df9a
985,143.4979,118c635b1fa03638cd65600c3355d8e9643bc9470e9f997becd343443f00df9a
986,154.0351,118c635b1fa03638cd65600c3355d8e9643bc9470e9f997becd343443f00df9a
987,136.7063,118c635b1fa03638cd65600c3355d8e9643bc9470e9f997becd343443f00df9a
988,149.9242,118c635b1fa03638cd65600c3355d8e9643bc9470e9f997becd343443f00df9a
989,141.9410,118c635b1fa03638cd65600c3355d8e9643bc9470e9f997becd343443f00df9a
990,126.7523,118c635b1fa03638cd65600c3355d8e9643bc9470e9f997becd343443f00df9a
991,129.3187,118c635b1fa03638cd65600c3355d8e9643bc9470e9f997becd343443f00df9a
992,120.6889,118c635b1fa03638cd65600c3355d8e9643bc9470e9f997becd343443f00df9a
993,128.3523,118c635b1fa03638cd65600c3355d8e9643bc9470e9f997becd343443f00df9a
994,148.5511,118c635b1fa03638cd65600c3355d8e9643bc9470e9f997becd343443f00df9a
995,146.2230,118c635b1fa03638cd65600c3355d8e9643bc9470e9f997becd343443f00df9a
996,129.2032,118c635b1fa03638cd65600c3355d8e9643bc9470e9f997becd343443f00df9a
997,130.4306,118c635b1fa03638cd65600c3355d8e9643bc9470e9f997becd343443f00df9a
998,154.8390,118c635b1fa03638cd65600c3355d8e9643bc9470e9f997becd343443f00df9a
999,148.3455,118c635b1fa03638cd65600c3355d8e9643bc9470e9f997becd343443f00df9a
1000,175.1599,118c635b1fa03638cd65600c3355d8e9643bc9470e9f997becd343443f00df9a
